404.83	3.9444	5.3622	5.3622	1	0.34213	0.34213	0	0.063804	0.88005
399.5	4.5	5.3622	5.3622	1	5.3614	5.3614	1	0.99986	7.2485e-05
146.5	7.5	12.369	12.369	1	1.1785	1.1785	0	0.095273	0.82603
499.83	9.1667	51.076	51.076	1	0.70303	0.70303	0	0.013764	0.97285
421.5	10	17.733	17.733	1	1	1	0	0.056393	0.89323
676.39	12.167	19.434	19.434	1	0.40798	0.40798	0	0.020993	0.95888
729.7	10.9	32.401	32.401	1	0.52393	0.52393	0	0.01617	0.96817
143.5	19.5	12.369	12.369	0	13.394	13.394	0	1.0828	-0.039757
385	20	13.571	13.571	0	0.5	0.5	0	0.036842	0.92893
397.12	26.115	13.571	13.571	0	0.40154	0.40154	0	0.029587	0.94253
689.38	26.625	19.434	19.434	0	0.31201	0.31201	0	0.016055	0.9684
205.5	32	44.181	44.181	1	0.5	0.5	0	0.011317	0.97762
346.12	34.885	19.896	19.896	0	1	1	0	0.050262	0.90429
707.5	34.5	11.372	11.372	0	0.70711	0.70711	0	0.06218	0.88292
161.5	36	24.418	24.418	0	1.8028	1.8028	0	0.073829	0.86249
539.17	41.75	33.614	33.614	0	0.60983	0.60983	0	0.018142	0.96436
387	42	9.5946	9.5946	0	18.668	18.668	0	1.9457	-0.32104
712.1	44.9	11.372	11.372	0	0.28284	0.28284	0	0.024872	0.95146
612.83	47.167	20.964	20.964	0	0.23575	0.23575	0	0.011246	0.97776
361.5	47.5	6.6483	6.6483	0	15.733	15.733	0	2.3665	-0.40591
371.5	49.5	10.198	10.198	0	13.454	13.454	0	1.3192	-0.13765
389.83	51.167	9.5946	9.5946	0	12.388	12.388	0	1.2912	-0.12709
574.67	53.333	4.8449	4.8449	0	0.89748	0.89748	0	0.18524	0.68742
735.8	53.8	21.867	21.867	0	0.39609	0.39609	0	0.018113	0.96442
360.7	54.1	6.6483	6.6483	0	10.177	10.177	0	1.5308	-0.20975
764.17	54.167	7.0632	7.0632	0	0.68722	0.68722	0	0.097296	0.82266
640	56	19.474	19.474	0	20.032	20.032	0	1.0287	-0.014127
681.39	56.833	10.369	10.369	0	0	0	0	0	1
312.83	57.167	28.424	28.424	0	28.804	28.804	0	1.0134	-0.0066337
571	56.5	4.8449	4.8449	0	0.37266	0.37266	0	0.076919	0.85715
757.5	56.5	7.0632	7.0632	0	3.6056	3.6056	0	0.51047	0.32409
800	60.5	16.286	16.286	0	0.2143	0.2143	0	0.013158	0.97403
366.83	62.167	10.134	10.134	0	0.29458	0.29458	0	0.02907	0.9435
261.5	63	9.8005	9.8005	0	0.86023	0.86023	0	0.087774	0.83862
675	65	10.369	10.369	0	0.63343	0.63343	0	0.06109	0.88485
584.64	67.167	10.914	10.914	0	0.88598	0.88598	0	0.081182	0.84983
623	65.5	13.591	13.591	0	0.67082	0.67082	0	0.049357	0.90593
784.5	65.5	16.286	16.286	0	1.1319	1.1319	0	0.069501	0.87003
255.7	70.9	9.8005	9.8005	0	1.2649	1.2649	0	0.12907	0.77138
525.43	72.429	14.815	14.815	0	0.34352	0.34352	0	0.023188	0.95468
354.9	72.7	15.917	15.917	0	0.47913	0.47913	0	0.030102	0.94156
412	73.5	23.09	23.09	0	0.5	0.5	0	0.021655	0.95761
613.64	75.357	3.5714	3.5714	0	7.3294	7.3294	0	2.0522	-0.34474
230.5	75.75	25.662	25.662	0	0.32016	0.32016	0	0.012476	0.97536
541.78	77.879	17.232	17.232	0	0.64439	0.64439	0	0.037395	0.92791
588.61	77.333	10.403	10.403	0	1.9618	1.9618	0	0.18857	0.68269
599	76.786	10.403	10.403	0	0.2143	0.2143	0	0.020599	0.95963
480.21	76.929	8.6348	8.6348	0	0.6526	0.6526	0	0.075579	0.85946
616.5	77.5	3.5714	3.5714	0	6.7268	6.7268	0	1.8835	-0.3064
512.38	81.088	15.258	15.258	0	0.56197	0.56197	0	0.03683	0.92896
619.3	87.21	8.8856	8.8856	0	3.6658	3.6658	0	0.41256	0.41587
486.67	82.667	7.3167	7.3167	0	0.37266	0.37266	0	0.050933	0.90307
611.67	82.667	7.075	7.075	0	0.37266	0.37266	0	0.052673	0.89992
322.59	83.864	28.424	28.424	0	0.44577	0.44577	0	0.015683	0.96912
663	83	21.633	21.633	0	0.47136	0.47136	0	0.021789	0.95735
692.78	85.667	19.915	19.915	0	0.64796	0.64796	0	0.032536	0.93698
761	85	14.481	14.481	0	0.5831	0.5831	0	0.040266	0.92258
526.36	87.214	14.815	14.815	0	0.45732	0.45732	0	0.030869	0.94011
789	86	20.988	20.988	0	0.54399	0.54399	0	0.025919	0.94947
284.83	87.833	13.27	13.27	0	16.255	16.255	0	1.225	-0.1011
429.83	88.167	23.09	23.09	0	0.50621	0.50621	0	0.021924	0.95709
588.5	89	11.667	11.667	0	0.96459	0.96459	0	0.082675	0.84728
743.3	88.9	8.5276	8.5276	0	0.63246	0.63246	0	0.074166	0.86191
389.5	89.5	3.1623	3.1623	0	25.852	25.852	0	8.1751	-0.78202
488.5	89.75	7.3167	7.3167	0	0.37784	0.37784	0	0.051641	0.90179
627.81	95.773	8.8848	8.8848	0	8.4095	8.4095	0	0.9465	0.027484
390.5	92.5	3.1623	3.1623	0	22.851	22.851	0	7.2261	-0.75687
749.9	94.3	8.5276	8.5276	0	0.72111	0.72111	0	0.084562	0.84406
472	97.714	12.085	12.085	0	0.4254	0.4254	0	0.035201	0.93199
552	97	9.9799	9.9799	0	1.118	1.118	0	0.11203	0.79851
561.64	99.571	6.9197	6.9197	0	0.39443	0.39443	0	0.057001	0.89215
846.17	98.611	9.2232	9.2232	0	0.7778	0.7778	0	0.084331	0.84446
289.15	100.38	13.052	13.052	0	13.325	13.325	0	1.0209	-0.010342
491.17	98.833	9.4667	9.4667	0	9.1117	9.1117	0	0.96251	0.019104
516	100.5	16.846	16.846	0	15.443	15.443	0	0.91676	0.04343
462	104.5	12.085	12.085	0	0.5	0.5	0	0.041374	0.92054
611.87	104.29	15.106	15.106	0	0.14022	0.14022	0	0.0092824	0.98161
626.97	104.62	8.8848	8.8848	0	0.52486	0.52486	0	0.059073	0.88844
301.42	104.83	13.052	13.052	0	0.37271	0.37271	0	0.028556	0.94447
685	104	10.561	10.561	0	9.3913	9.3913	0	0.88926	0.058614
566.5	104.5	6.9197	6.9197	0	1.1781	1.1781	0	0.17025	0.70904
726.17	104.83	21.049	21.049	0	0.53745	0.53745	0	0.025533	0.9502
866.12	105.88	12.137	12.137	0	0.80308	0.80308	0	0.066166	0.87588
386.5	105.5	10.384	10.384	0	10.463	10.463	0	1.0076	-0.0037864
342.88	107.62	16.788	16.788	0	0.39525	0.39525	0	0.023544	0.954
487.98	109.39	11.026	11.026	0	0.66242	0.66242	0	0.060079	0.88665
850	107	9.2232	9.2232	0	8.5219	8.5219	0	0.92396	0.039521
892.5	110.5	21.36	21.36	0	1.118	1.118	0	0.052342	0.90052
679.61	113.08	8.2811	8.2811	0	1.1698	1.1698	0	0.14126	0.75245
390.77	114.97	10.384	10.384	0	0.82115	0.82115	0	0.07908	0.85343
404.21	114	13.482	13.482	0	0.2857	0.2857	0	0.021191	0.9585
747.1	114.97	10.479	10.479	0	0.20679	0.20679	0	0.019733	0.9613
659.5	113.5	14.345	14.345	0	0.5	0.5	0	0.034855	0.93264
372.25	116.88	7.4866	7.4866	0	0.27951	0.27951	0	0.037334	0.92802
379.71	117.5	7.4866	7.4866	0	0.12129	0.12129	0	0.0162	0.96812
872	116.5	12.137	12.137	0	0.68722	0.68722	0	0.056621	0.89283
284.5	117	17.255	17.255	0	0.39528	0.39528	0	0.022908	0.95521
583.94	120.97	11.616	11.616	0	0.95696	0.95696	0	0.08238	0.84778
708	116.5	10.023	10.023	0	0.7308	0.7308	0	0.072916	0.86408
757.1	118.1	10.479	10.479	0	0.55075	0.55075	0	0.052556	0.90014
680.48	121.31	8.2811	8.2811	0	0.14599	0.14599	0	0.01763	0.96535
449.81	121.53	16.3	16.3	0	0.82632	0.82632	0	0.050695	0.9035
516.76	121.72	14.229	14.229	0	0.31286	0.31286	0	0.021988	0.95697
646.83	120.23	14.33	14.33	0	0.84853	0.84853	0	0.059212	0.8882
423.91	121.76	21.167	21.167	0	0.21698	0.21698	0	0.010251	0.97971
715.6	123.04	10.023	10.023	0	1.1747	1.1747	0	0.1172	0.79019
351.75	121.88	7.6618	7.6618	0	0.30516	0.30516	0	0.039829	0.92339
545.7	124.43	20.981	20.981	0	0.55252	0.55252	0	0.026334	0.94868
497	124	7.4864	7.4864	0	1.3975	1.3975	0	0.18668	0.68538
804.29	126.43	15.056	15.056	0	0.57584	0.57584	0	0.038246	0.92633
734.3	128.9	8.2098	8.2098	0	1.2	1.2	0	0.14617	0.74495
742.5	128.5	8.2098	8.2098	0	8.3546	8.3546	0	1.0176	-0.008747
352.5	129.5	7.5897	7.5897	0	1.6997	1.6997	0	0.22395	0.63405
499	131.21	7.4864	7.4864	0	0.156	0.156	0	0.020837	0.95918
345.32	131.95	7.5897	7.5897	0	1.7191	1.7191	0	0.2265	0.63065
653.9	132.7	11.202	11.202	0	0.4	0.4	0	0.035708	0.93105
582.5	132.5	9.1241	9.1241	0	1.5811	1.5811	0	0.17329	0.70461
527.97	135.66	15.5	15.5	0	0.84421	0.84421	0	0.054467	0.89669
591.5	134	9.1241	9.1241	0	1.25	1.25	0	0.137	0.75902
510.5	134.5	11.96	11.96	0	1.118	1.118	0	0.09348	0.82902
474.5	135.5	5.4829	5.4829	0	12.894	12.894	0	2.3517	-0.40328
451.9	137.7	14.007	14.007	0	0.77195	0.77195	0	0.055111	0.89554
562.5	138.69	20.935	20.935	0	0.1852	0.1852	0	0.0088466	0.98246
663.46	138.54	6.2984	6.2984	0	0.058973	0.058973	0	0.0093631	0.98145
857.5	136.5	12.54	12.54	0	11.511	11.511	0	0.91794	0.042787
411.52	142.41	18.555	18.555	0	1.0157	1.0157	0	0.05474	0.8962
470.75	139.5	5.4829	5.4829	0	8.5333	8.5333	0	1.5563	-0.21763
796	139	14.509	14.509	0	0.31623	0.31623	0	0.021796	0.95734
373.55	141.69	16.818	16.818	0	0.4574	0.4574	0	0.027196	0.94705
823.5	140	23.524	23.524	0	3.2016	3.2016	0	0.1361	0.76041
779.09	142.62	17.294	17.294	0	0.39244	0.39244	0	0.022692	0.95562
619.5	141.5	11.476	11.476	0	12.007	12.007	0	1.0463	-0.022626
743.33	142.33	9.6681	9.6681	0	1.2062	1.2062	0	0.12476	0.77816
471.33	147.92	8.4351	8.4351	0	0.10626	0.10626	0	0.012597	0.97512
496.14	144.95	14.035	14.035	0	0.065538	0.065538	0	0.0046695	0.9907
516	145.5	12.298	12.298	0	1.1338	1.1338	0	0.09219	0.83118
665.5	144.5	6.2984	6.2984	0	6.3246	6.3246	0	1.0042	-0.0020718
310.12	147.96	11.358	11.358	0	0.24327	0.24327	0	0.021419	0.95806
462.1	147.3	5.8052	5.8052	0	9.3047	9.3047	0	1.6028	-0.23161
735.5	148	9.6681	9.6681	0	1.2717	1.2717	0	0.13154	0.7675
620.44	152.94	11.476	11.476	0	0.53646	0.53646	0	0.046747	0.91068
858.5	149	8.6547	8.6547	0	1.118	1.118	0	0.12918	0.77119
329.03	152.26	15.013	15.013	0	0.3561	0.3561	0	0.02372	0.95366
427.7	151.5	18.555	18.555	0	0.50729	0.50729	0	0.02734	0.94678
299.5	152	11.358	11.358	0	0.80623	0.80623	0	0.070985	0.86744
461	153	5.8052	5.8052	0	11.515	11.515	0	1.9836	-0.32966
795.5	153.5	14.509	14.509	0	14.206	14.206	0	0.97912	0.010552
852.79	155.5	8.6547	8.6547	0	0.2857	0.2857	0	0.033011	0.93609
929.62	155.38	35.63	35.63	0	0.99058	0.99058	0	0.027801	0.9459
486.1	155.9	11.061	11.061	0	2.9275	2.9275	0	0.26467	0.58145
583.26	158.16	25.258	25.258	0	0.32531	0.32531	0	0.01288	0.97457
707.79	157.07	5.1908	5.1908	0	1.2651	1.2651	0	0.24372	0.60807
467	156.5	6.9462	6.9462	0	9.552	9.552	0	1.3751	-0.15794
342.83	158.17	13.408	13.408	0	13.234	13.234	0	0.98702	0.0065338
373	158.5	15.28	15.28	0	0.3333	0.3333	0	0.021813	0.95731
703.5	160	5.1908	5.1908	0	6.4547	6.4547	0	1.2435	-0.10853
837.41	165.41	18.293	18.293	0	0.14789	0.14789	0	0.0080843	0.98396
386.67	165.33	15.28	15.28	0	0.47136	0.47136	0	0.030848	0.94015
488.25	166.75	11.061	11.061	0	0.52733	0.52733	0	0.047675	0.90899
676.5	166	14.95	14.95	0	0.35416	0.35416	0	0.02369	0.95372
353.83	165.83	13.35	13.35	0	0.37266	0.37266	0	0.027916	0.94569
537.5	166.5	18.924	18.924	0	1.118	1.118	0	0.059079	0.88843
720.66	168.66	17.319	17.319	0	0.12245	0.12245	0	0.0070705	0.98596
445.5	172.5	14.439	14.439	0	11.705	11.705	0	0.81064	0.10458
652.56	174.26	10.7	10.7	0	0.81495	0.81495	0	0.076161	0.85846
739.95	181.89	8.5451	8.5451	0	3.5002	3.5002	0	0.40962	0.41882
879.17	173.17	14.473	14.473	0	0.37266	0.37266	0	0.025749	0.94979
252	174	22.612	22.612	0	16.985	16.985	0	0.75116	0.1421
346.65	177.09	8.4335	8.4335	0	0.21403	0.21403	0	0.025379	0.9505
402.25	174.5	14.464	14.464	0	0.44881	0.44881	0	0.03103	0.93981
519.17	173.83	15.718	15.718	0	0.37266	0.37266	0	0.023709	0.95368
630.5	174.5	11.597	11.597	0	0.41664	0.41664	0	0.035925	0.93064
416.67	175.67	8.3599	8.3599	0	0.95921	0.95921	0	0.11474	0.79414
566.59	177.14	16.755	16.755	0	0.37479	0.37479	0	0.022369	0.95624
642	176	10.7	10.7	0	0.91958	0.91958	0	0.085939	0.84172
291.33	177.67	12.256	12.256	0	0.32423	0.32423	0	0.026454	0.94846
687.5	177	6.3638	6.3638	0	6.2209	6.2209	0	0.97754	0.011356
681.86	179.95	6.3638	6.3638	0	0.29882	0.29882	0	0.046956	0.9103
611.59	183.41	19.194	19.194	0	0	0	0	0	1
889.5	183.3	14.473	14.473	0	1.2335	1.2335	0	0.085232	0.84292
416	184	7.2732	7.2732	0	0.43124	0.43124	0	0.059291	0.88805
486.17	183.17	16.548	16.548	0	16.366	16.366	0	0.98899	0.0055343
530.94	184.25	9.7213	9.7213	0	0.51833	0.51833	0	0.053319	0.89876
674.62	183.62	8.116	8.116	0	0.17678	0.17678	0	0.021781	0.95737
661.5	184	13.13	13.13	0	2.89	2.89	0	0.2201	0.63921
951.5	183.5	19.449	19.449	0	0.70711	0.70711	0	0.036358	0.92984
282.69	186.36	12.256	12.256	0	0.11236	0.11236	0	0.0091672	0.98183
345.33	185.42	8.4335	8.4335	0	0.63471	0.63471	0	0.075261	0.86001
444.62	186.91	14.439	14.439	0	0.46515	0.46515	0	0.032215	0.93758
540.5	186	9.7213	9.7213	0	0.27951	0.27951	0	0.028752	0.9441
710.12	187.12	21.256	21.256	0	0.22308	0.22308	0	0.010495	0.97923
463.96	190.59	19.685	19.685	0	0.1893	0.1893	0	0.0096163	0.98095
733.5	187.5	8.5451	8.5451	0	9.7888	9.7888	0	1.1455	-0.067835
634.75	190.17	15.914	15.914	0	0.88335	0.88335	0	0.055508	0.89482
858.75	190.5	26.782	26.782	0	27.144	27.144	0	1.0135	-0.006715
413.7	190.9	7.2732	7.2732	0	0.60208	0.60208	0	0.08278	0.8471
324.7	194.04	8.4182	8.4182	0	2.1341	2.1341	0	0.25352	0.59551
263.1	193.7	19.42	19.42	0	0.67082	0.67082	0	0.034543	0.93322
566.12	193.88	16.755	16.755	0	0.32245	0.32245	0	0.019245	0.96224
593	193	9.2406	9.2406	0	0.74537	0.74537	0	0.080662	0.85072
204.94	195.28	18.231	18.231	0	0.49685	0.49685	0	0.027253	0.94694
755.83	194.83	20.489	20.489	0	9.2976	9.2976	0	0.45378	0.37573
924.5	195.5	29.547	29.547	0	0.70711	0.70711	0	0.023932	0.95325
358.12	197.12	13.035	13.035	0	0.51825	0.51825	0	0.039759	0.92352
965.5	197	19.449	19.449	0	19.474	19.474	0	1.0013	-0.00066007
331.5	199	8.4182	8.4182	0	6.4385	6.4385	0	0.76483	0.13325
345.17	198.61	13.035	13.035	0	13.445	13.445	0	1.0314	-0.015475
381.35	200.53	8.3912	8.3912	0	0.65883	0.65883	0	0.078514	0.8544
600.17	198.83	9.2406	9.2406	0	0.33668	0.33668	0	0.036435	0.92969
661.5	198.5	10.77	10.77	0	15.126	15.126	0	1.4044	-0.16818
234.75	203.41	16.007	16.007	0	0.29011	0.29011	0	0.018124	0.9644
389.67	201.67	8.3912	8.3912	0	0.23575	0.23575	0	0.028095	0.94535
530.5	202.93	17.339	17.339	0	0.43806	0.43806	0	0.025265	0.95072
615.5	202.5	15.766	15.766	0	1.4142	1.4142	0	0.089702	0.83536
795.62	204.62	13.897	13.897	0	0.17678	0.17678	0	0.01272	0.97488
312.77	206.83	15.162	15.162	0	0.30575	0.30575	0	0.020166	0.96047
219.1	206.77	5.4004	5.4004	0	1.595	1.595	0	0.29534	0.544
513.88	207.88	17.339	17.339	0	0.40154	0.40154	0	0.023158	0.95473
809.3	207.1	8.8814	8.8814	0	1.4422	1.4422	0	0.16239	0.7206
480.85	210.18	25.872	25.872	0	0.063394	0.063394	0	0.0024503	0.99511
731.19	209.62	12.196	12.196	0	0.80039	0.80039	0	0.065628	0.87683
565.92	211.08	17.195	17.195	0	0.50499	0.50499	0	0.029368	0.94294
657.5	208.5	10.77	10.77	0	10.817	10.817	0	1.0043	-0.0021459
254.28	211	10.379	10.379	0	0.1668	0.1668	0	0.016071	0.96837
363.62	210.38	14.359	14.359	0	0.17678	0.17678	0	0.012311	0.97568
216.5	211.5	5.4004	5.4004	0	3.825	3.825	0	0.70828	0.17077
449.38	212.26	25.797	25.797	0	0.47855	0.47855	0	0.018551	0.96357
344	212	13.44	13.44	0	19.558	19.558	0	1.4552	-0.18541
814.5	214.3	5.5863	5.5863	0	0.42287	0.42287	0	0.075698	0.85926
648.5	214.7	7.569	7.569	0	0.2	0.2	0	0.026424	0.94851
699.92	219.29	11.473	11.473	0	0.72882	0.72882	0	0.063524	0.88054
848.89	217.2	10.617	10.617	0	0.7206	0.7206	0	0.067874	0.87288
300.31	216.19	5.7561	5.7561	0	0.58359	0.58359	0	0.10139	0.81589
324.14	216.86	9.0852	9.0852	0	0.1929	0.1929	0	0.021232	0.95842
689.5	214.5	11.473	11.473	0	0.94286	0.94286	0	0.08218	0.84812
782.31	217.31	8.1927	8.1927	0	0.12826	0.12826	0	0.015655	0.96917
838.5	215	10.617	10.617	0	0	0	0	0	1
672.66	217.34	13.286	13.286	0	0.51947	0.51947	0	0.039099	0.92475
275.5	218	12.446	12.446	0	0.9313	0.9313	0	0.074828	0.86076
721	217.5	12.876	12.876	0	0.39528	0.39528	0	0.030698	0.94043
950.5	217.5	25.402	25.402	0	9.1682	9.1682	0	0.36093	0.46959
740.5	217.5	12.196	12.196	0	12.244	12.244	0	1.0039	-0.001962
816.95	219.32	5.5863	5.5863	0	0.58881	0.58881	0	0.1054	0.8093
296.5	220.5	5.7561	5.7561	0	0.70711	0.70711	0	0.12284	0.78119
251.5	221	9.2195	9.2195	0	9.2195	9.2195	0	1	0
646.5	222	7.569	7.569	0	0.68722	0.68722	0	0.090794	0.83353
896.57	223.36	5.0026	5.0026	0	0.64685	0.64685	0	0.1293	0.771
901.5	222.5	5.0026	5.0026	0	5.2202	5.2202	0	1.0435	-0.021284
319.21	224.5	6.5962	6.5962	0	0.54399	0.54399	0	0.08247	0.84763
860.26	225.69	14.194	14.194	0	0.14927	0.14927	0	0.010517	0.97919
884	225.5	8.0185	8.0185	0	0.31004	0.31004	0	0.038665	0.92555
424.34	227.66	29.393	29.393	0	0.37678	0.37678	0	0.012819	0.97469
782.5	225.5	8.1927	8.1927	0	8.1432	8.1432	0	0.99396	0.0030303
325.5	226.5	6.5962	6.5962	0	6.6708	6.6708	0	1.0113	-0.0056244
245.5	228	9.2195	9.2195	0	0	0	0	0	1
876.79	229	8.0185	8.0185	0	1.0227	1.0227	0	0.12754	0.77377
271.5	229.79	11.46	11.46	0	0.47747	0.47747	0	0.041664	0.92001
362.27	230.65	5.159	5.159	0	0.67959	0.67959	0	0.13173	0.76721
290.95	232.64	13.343	13.343	0	0.65557	0.65557	0	0.049131	0.90634
674.5	230.5	6.5146	6.5146	0	6.6708	6.6708	0	1.024	-0.011849
260.5	233	11.46	11.46	0	0.1471	0.1471	0	0.012836	0.97465
979	232	24.546	24.546	0	23.717	23.717	0	0.96623	0.017172
704	235	16.226	16.226	0	0.72887	0.72887	0	0.044921	0.91402
902.3	235.1	12.625	12.625	0	1.5811	1.5811	0	0.12524	0.77741
360.5	235.5	5.159	5.159	0	4.4807	4.4807	0	0.86852	0.070366
672.5	236.7	6.5146	6.5146	0	0.5831	0.5831	0	0.089506	0.83569
323	239	12.748	12.748	0	14.56	14.56	0	1.1422	-0.066379
870	239	12.085	12.085	0	8.0451	8.0451	0	0.66571	0.20069
342.5	240.21	18.607	18.607	0	0.50658	0.50658	0	0.027225	0.94699
511.14	241.71	12.422	12.422	0	0.6158	0.6158	0	0.049574	0.90553
173.1	245.05	14.061	14.061	0	0.59014	0.59014	0	0.04197	0.91944
634.26	243.64	8.5898	8.5898	0	0.17784	0.17784	0	0.020704	0.95943
787.75	243.5	12.597	12.597	0	0.55902	0.55902	0	0.044376	0.91502
238.5	245.7	7.5293	7.5293	0	1.2733	1.2733	0	0.16911	0.7107
254	245	8.372	8.372	0	0.94868	0.94868	0	0.11332	0.79643
528	244.5	15.054	15.054	0	1.118	1.118	0	0.074268	0.86173
599.12	246.88	10.666	10.666	0	0.14542	0.14542	0	0.013634	0.9731
648.25	246.08	14.203	14.203	0	0.99048	0.99048	0	0.069735	0.86962
945.61	247.88	17.817	17.817	0	0.9513	0.9513	0	0.053394	0.89863
231.21	248.21	7.7102	7.7102	0	0.53793	0.53793	0	0.069769	0.86956
550.29	246.86	20.032	20.032	0	0.25758	0.25758	0	0.012858	0.97461
626	246	8.5898	8.5898	0	0.47136	0.47136	0	0.054874	0.89596
738.3	246.7	16.801	16.801	0	0.80458	0.80458	0	0.047888	0.9086
721.5	246.5	16.801	16.801	0	0.70711	0.70711	0	0.042087	0.91923
297	248	7.3433	7.3433	0	0	0	0	0	1
570.25	248.5	20.032	20.032	0	2.0736	2.0736	0	0.10352	0.81239
900.5	248	10.824	10.824	0	0.89748	0.89748	0	0.082915	0.84687
669.4	252.09	13.77	13.77	0	0.13462	0.13462	0	0.0097764	0.98064
834.71	253.39	8.2077	8.2077	0	0.11791	0.11791	0	0.014366	0.97167
889.88	250.12	10.824	10.824	0	0.42661	0.42661	0	0.039413	0.92416
245	249.5	7.5293	7.5293	0	7.9156	7.9156	0	1.0513	-0.025011
405.08	255.15	26.927	26.927	0	0.8847	0.8847	0	0.032856	0.93638
609.67	251.33	11.451	11.451	0	0.64106	0.64106	0	0.055984	0.89397
842.88	252.65	8.2077	8.2077	0	0.75266	0.75266	0	0.091702	0.832
257.17	252.75	8.372	8.372	0	0.30048	0.30048	0	0.035891	0.9307
490	253.5	19.849	19.849	0	0.5	0.5	0	0.02519	0.95086
515.75	253.25	9.0347	9.0347	0	0.35355	0.35355	0	0.039133	0.92468
965.5	252.5	7.999	7.999	0	1	1	0	0.12502	0.77775
295.83	255.25	7.3433	7.3433	0	0.40585	0.40585	0	0.055268	0.89525
790.59	255.77	12.597	12.597	0	0.63856	0.63856	0	0.050691	0.90351
358	255.5	20.156	20.156	0	0.70711	0.70711	0	0.035082	0.93221
929.5	255.5	10.602	10.602	0	0.88388	0.88388	0	0.083367	0.8461
594.5	256.5	10.666	10.666	0	1.4142	1.4142	0	0.13259	0.76586
898.17	258.62	10.878	10.878	0	0.41271	0.41271	0	0.03794	0.92689
681	259.5	11.211	11.211	0	0	0	0	0	1
805.17	258.17	11.785	11.785	0	1.4337	1.4337	0	0.12166	0.78308
964	260.36	7.999	7.999	0	0.74857	0.74857	0	0.093583	0.82885
169	258.5	14.061	14.061	0	7.2981	7.2981	0	0.51903	0.31663
305.86	259.41	10.858	10.858	0	0.86843	0.86843	0	0.079977	0.85189
755.5	258.5	20.859	20.859	0	11.257	11.257	0	0.53969	0.29896
840.97	261.37	8.9215	8.9215	0	0.87547	0.87547	0	0.098131	0.82128
464.5	270.02	9.7505	9.7505	0	3.7826	3.7826	0	0.38794	0.44099
513.5	262	7.9025	7.9025	0	1.044	1.044	0	0.13211	0.76661
260	263	10.634	10.634	0	1.3038	1.3038	0	0.12261	0.78157
934	265.1	10.602	10.602	0	0.43543	0.43543	0	0.04107	0.9211
704.5	263.5	12.121	12.121	0	11.011	11.011	0	0.90845	0.047972
272.71	268.38	13.121	13.121	0	0.40677	0.40677	0	0.031002	0.93986
918.05	267.32	11.709	11.709	0	0.87317	0.87317	0	0.074573	0.8612
475	266.5	11.076	11.076	0	13.377	13.377	0	1.2078	-0.094106
813.5	266.5	7.1063	7.1063	0	1	1	0	0.14072	0.75328
615.5	267.5	17.187	17.187	0	10.44	10.44	0	0.60746	0.2442
1019.5	267.5	21.378	21.378	0	17.464	17.464	0	0.81694	0.10075
729.7	269.5	19.719	19.719	0	0.24035	0.24035	0	0.012189	0.97592
513.7	269.9	7.9025	7.9025	0	0.53753	0.53753	0	0.06802	0.87262
680.5	270.7	6.5513	6.5513	0	0.54475	0.54475	0	0.083151	0.84646
694.9	270.9	6.7486	6.7486	0	1.1705	1.1705	0	0.17344	0.70439
457.02	276.28	9.7505	9.7505	0	6.3959	6.3959	0	0.65595	0.20776
819	271	7.1063	7.1063	0	6.364	6.364	0	0.89553	0.055112
425.39	272.83	13.217	13.217	0	0.51201	0.51201	0	0.03874	0.92541
998.5	271.5	18.062	18.062	0	13.601	13.601	0	0.75303	0.14088
553.17	273.83	19.985	19.985	0	5.4479	5.4479	0	0.27261	0.57158
587	274.79	16.506	16.506	0	0.37299	0.37299	0	0.022597	0.95581
958	274	6.6907	6.6907	0	6.1984	6.1984	0	0.92641	0.038199
438.5	274.5	13.217	13.217	0	2.9648	2.9648	0	0.22433	0.63355
533.3	276	19.985	19.985	0	0.33085	0.33085	0	0.016555	0.96743
812.23	276.97	9.0216	9.0216	0	0.55082	0.55082	0	0.061055	0.88492
891.83	274.83	11.683	11.683	0	0.33668	0.33668	0	0.028818	0.94398
683.9	276.3	6.5513	6.5513	0	0.31623	0.31623	0	0.048269	0.90791
695.86	277.58	6.7486	6.7486	0	0.64685	0.64685	0	0.095849	0.82507
508.83	276.83	8.1923	8.1923	0	0.58037	0.58037	0	0.070843	0.86769
162.14	279.71	18.335	18.335	0	0.54802	0.54802	0	0.029889	0.94196
232	277.5	20.081	20.081	0	20.545	20.545	0	1.0231	-0.011412
775.58	280.19	11.877	11.877	0	0.43285	0.43285	0	0.036444	0.92968
826.83	278.17	10.617	10.617	0	13.325	13.325	0	1.255	-0.11309
960.13	280.34	5.8375	5.8375	0	0.49909	0.49909	0	0.085497	0.84247
750.67	279.33	8.4541	8.4541	0	0.40281	0.40281	0	0.047647	0.90904
920.17	278.83	11.709	11.709	0	11.157	11.157	0	0.95284	0.024148
367	280	14.835	14.835	0	0.70711	0.70711	0	0.047663	0.90901
763.7	280.1	11.877	11.877	0	1	1	0	0.084195	0.84469
901	282.08	11.683	11.683	0	0.19129	0.19129	0	0.016373	0.96778
253.5	283.19	9.2912	9.2912	0	0.22582	0.22582	0	0.024305	0.95254
273	281.5	11.236	11.236	0	1	1	0	0.088999	0.83655
352.3	282	14.835	14.835	0	0.46731	0.46731	0	0.031499	0.93893
394.62	283.62	27.862	27.862	0	1.0489	1.0489	0	0.037647	0.92744
504.5	283.79	8.1923	8.1923	0	1.7857	1.7857	0	0.21798	0.64207
955.33	283.67	5.8375	5.8375	0	0.52703	0.52703	0	0.090282	0.83439
179.7	285	18.335	18.335	0	1.118	1.118	0	0.060976	0.88506
747.52	287.18	7.9588	7.9588	0	0.50004	0.50004	0	0.062828	0.88177
472.1	285.3	12.903	12.903	0	0.46506	0.46506	0	0.036042	0.93042
485	285	12.903	12.903	0	1.118	1.118	0	0.086646	0.84053
599.83	285.17	16.506	16.506	0	1.5029	1.5029	0	0.091049	0.8331
986.5	285	10.308	10.308	0	0.70711	0.70711	0	0.068599	0.87161
262.5	285.5	9.2912	9.2912	0	0.88388	0.88388	0	0.095132	0.82626
630.5	286	13.601	13.601	0	0.70711	0.70711	0	0.051988	0.90116
739.05	286.86	8.4804	8.4804	0	1.3538	1.3538	0	0.15963	0.72468
428.41	288.41	13.345	13.345	0	0.1818	0.1818	0	0.013623	0.97312
832.87	290.13	13.402	13.402	0	0.244	0.244	0	0.018207	0.96424
976.9	289.7	7.3756	7.3756	0	1.8136	1.8136	0	0.24589	0.60528
441.31	291.81	13.345	13.345	0	0.44194	0.44194	0	0.033117	0.93589
650.5	291.3	11.699	11.699	0	0.52005	0.52005	0	0.044453	0.91488
938.3	290.5	14.67	14.67	0	0.64568	0.64568	0	0.044013	0.91569
686.23	292.17	14.448	14.448	0	0.39224	0.39224	0	0.027149	0.94714
789	294	12.51	12.51	0	0.20326	0.20326	0	0.016248	0.96802
513	294.7	13.834	13.834	0	0.90586	0.90586	0	0.065482	0.87708
801.5	294.5	12.51	12.51	0	0.54971	0.54971	0	0.043941	0.91582
129.32	295.95	9.9943	9.9943	0	0.46249	0.46249	0	0.046275	0.91154
238.5	296.5	11.769	11.769	0	1.0141	1.0141	0	0.086169	0.84133
719.82	297.42	9.4698	9.4698	0	1.3676	1.3676	0	0.14442	0.74761
749	295	7.9588	7.9588	0	1.5	1.5	0	0.18847	0.68284
982.5	294.5	7.3756	7.3756	0	7.4536	7.4536	0	1.0106	-0.0052558
225.59	296.86	12.914	12.914	0	0.17492	0.17492	0	0.013545	0.97327
333.5	295.5	23.145	23.145	0	0.70711	0.70711	0	0.030551	0.94071
673.19	298.38	14.448	14.448	0	0.45148	0.45148	0	0.031249	0.9394
926.77	299.57	14.67	14.67	0	0.54971	0.54971	0	0.03747	0.92777
286.17	299.17	5.1463	5.1463	0	2	2	0	0.38863	0.44027
634.5	299	13.601	13.601	0	1.4318	1.4318	0	0.10527	0.80952
1007	300	22.226	22.226	0	9.5131	9.5131	0	0.42801	0.40055
955.83	301.5	9.4741	9.4741	0	8.3533	8.3533	0	0.88169	0.062872
286.09	304.31	5.1463	5.1463	0	0.5125	0.5125	0	0.099585	0.81887
654.83	302.17	11.699	11.699	0	11.567	11.567	0	0.98875	0.0056588
468.17	302.83	5.3687	5.3687	0	0.50342	0.50342	0	0.093769	0.82854
964.64	304.99	6.6481	6.6481	0	0.97611	0.97611	0	0.14683	0.74394
201.5	304.21	12.392	12.392	0	0.76932	0.76932	0	0.062079	0.8831
860.5	305	9.8489	9.8489	0	0.3	0.3	0	0.03046	0.94088
463.3	305.1	5.3687	5.3687	0	0.80623	0.80623	0	0.15017	0.73887
979.02	307.26	7.4144	7.4144	0	0.46393	0.46393	0	0.062572	0.88223
130.83	305.83	9.9943	9.9943	0	9.9114	9.9114	0	0.9917	0.0041672
724.17	305.83	9.4698	9.4698	0	8.8003	8.8003	0	0.9293	0.036646
844.17	307.25	10.39	10.39	0	0.30048	0.30048	0	0.02892	0.94379
429.5	306.5	9.277	9.277	0	0.27951	0.27951	0	0.030129	0.9415
443.38	307.38	13.903	13.903	0	0.97614	0.97614	0	0.070213	0.86879
620	307.3	7.6217	7.6217	0	0.40887	0.40887	0	0.053645	0.89817
236	308	11.769	11.769	0	0.94286	0.94286	0	0.080116	0.85165
250	308	14	14	0	0.54399	0.54399	0	0.038856	0.92519
407.45	309.6	13.078	13.078	0	0.31904	0.31904	0	0.024396	0.95237
420.5	308.75	9.277	9.277	0	0.80257	0.80257	0	0.086512	0.84075
811.3	308.9	12.398	12.398	0	1.1314	1.1314	0	0.091257	0.83275
909.75	309.5	17.473	17.473	0	0.25	0.25	0	0.014308	0.97179
973.67	312.4	7.4144	7.4144	0	0.54705	0.54705	0	0.073782	0.86258
696.5	310	13.515	13.515	0	1.1968	1.1968	0	0.088554	0.8373
953.17	311.17	9.5015	9.5015	0	2.8674	2.8674	0	0.30179	0.53635
962.67	311.33	6.6481	6.6481	0	1.841	1.841	0	0.27691	0.56628
509.79	312.5	16.104	16.104	0	0.095941	0.095941	0	0.0059575	0.98816
598.5	312	18.828	18.828	0	7.2801	7.2801	0	0.38666	0.44231
194.45	314.41	12.392	12.392	0	0.13085	0.13085	0	0.010559	0.9791
525.8	314.2	16.104	16.104	0	0.20051	0.20051	0	0.012451	0.9754
659.5	313.5	11.853	11.853	0	11.002	11.002	0	0.92817	0.037254
800	314	12.398	12.398	0	1.5811	1.5811	0	0.12754	0.77378
864.5	314	9.8489	9.8489	0	6.5192	6.5192	0	0.66192	0.20342
468.5	314.5	10.742	10.742	0	11.236	11.236	0	1.046	-0.022461
580	315.5	18.828	18.828	0	0.25758	0.25758	0	0.01368	0.97301
617.5	314.5	7.6217	7.6217	0	7.8223	7.8223	0	1.0263	-0.012989
740.94	317.65	20.52	20.52	0	0.60697	0.60697	0	0.029579	0.94254
311.93	318.23	14.86	14.86	0	0.36195	0.36195	0	0.024356	0.95245
838.83	316.17	10.39	10.39	0	0.33668	0.33668	0	0.032404	0.93723
883.59	319.59	7.1242	7.1242	0	0.50341	0.50341	0	0.070661	0.868
341.2	320.72	14.527	14.527	0	0.068364	0.068364	0	0.004706	0.99063
392	319	16.008	16.008	0	14.142	14.142	0	0.88345	0.06188
819.75	320.75	14.554	14.554	0	0.57009	0.57009	0	0.03917	0.92461
997.59	320.14	16.637	16.637	0	0.73296	0.73296	0	0.044057	0.9156
326.7	319.9	14.527	14.527	0	1.1551	1.1551	0	0.079511	0.85269
930	319.5	13.369	13.369	0	2.7339	2.7339	0	0.2045	0.66044
674	320.5	9.6566	9.6566	0	0.5	0.5	0	0.051778	0.90154
702.1	322.3	9.1269	9.1269	0	9.0136	9.0136	0	0.98759	0.0062423
889.9	322.9	7.1242	7.1242	0	0.28284	0.28284	0	0.039701	0.92363
957.38	324.1	13.602	13.602	0	0.86251	0.86251	0	0.06341	0.88074
234.5	323.25	15.324	15.324	0	0.75	0.75	0	0.048944	0.90668
376.09	324.62	16.874	16.874	0	0.89012	0.89012	0	0.05275	0.89979
665	324	9.6566	9.6566	0	0.86023	0.86023	0	0.089082	0.83641
772.73	326.27	6.8435	6.8435	0	0.10428	0.10428	0	0.015238	0.96998
219.61	327.43	15.468	15.468	0	0.80761	0.80761	0	0.052211	0.90076
262.83	326.39	11.843	11.843	0	0.4444	0.4444	0	0.037523	0.92767
563.21	326.5	20.069	20.069	0	0.23036	0.23036	0	0.011478	0.9773
788	327.21	6.9212	6.9212	0	0.66758	0.66758	0	0.096454	0.82406
915.5	326	9.0099	9.0099	0	8.9146	8.9146	0	0.98942	0.0053158
766.68	329.47	6.8435	6.8435	0	0.63322	0.63322	0	0.092529	0.83062
473.1	328.3	11.052	11.052	0	0.11501	0.11501	0	0.010406	0.9794
646.5	329	15.338	15.338	0	0.52312	0.52312	0	0.034106	0.93404
1017.5	328.5	12.349	12.349	0	12.816	12.816	0	1.0378	-0.018554
508.5	330.5	18.046	18.046	0	0	0	0	0	1
707	330	9.1269	9.1269	0	0.2143	0.2143	0	0.02348	0.95412
863	329	8.86	8.86	0	0	0	0	0	1
923.05	330.92	9.0099	9.0099	0	0.52051	0.52051	0	0.05777	0.89077
939.5	329.5	13.793	13.793	0	8.4393	8.4393	0	0.61185	0.24081
755.38	332.25	11.644	11.644	0	1.7897	1.7897	0	0.15371	0.73354
793	332	6.9212	6.9212	0	1.1211	1.1211	0	0.16198	0.7212
296.5	331.5	3.3993	3.3993	0	1.9496	1.9496	0	0.57354	0.27102
299.83	332.17	3.3993	3.3993	0	1.4555	1.4555	0	0.42816	0.4004
402	331.5	16.008	16.008	0	0.36647	0.36647	0	0.022893	0.95524
908.29	334.36	11.04	11.04	0	0.62105	0.62105	0	0.056253	0.89349
979.05	332.86	9.3094	9.3094	0	0.46113	0.46113	0	0.049533	0.90561
457.5	332.5	10.985	10.985	0	0.70711	0.70711	0	0.064372	0.87904
591.5	333.5	18.61	18.61	0	0.88388	0.88388	0	0.047495	0.90932
661	334	10.77	10.77	0	0.31944	0.31944	0	0.02966	0.94239
539.83	334.39	7.9696	7.9696	0	0.32254	0.32254	0	0.040471	0.92221
1004.1	335.43	9.9672	9.9672	0	0.47405	0.47405	0	0.04756	0.9092
284.41	336.14	11.42	11.42	0	0.26356	0.26356	0	0.023078	0.95488
269	336.5	11.843	11.843	0	0.75	0.75	0	0.063327	0.88089
467.2	337.65	10.985	10.985	0	0.2102	0.2102	0	0.019136	0.96245
886.42	338.69	16.174	16.174	0	0.61422	0.61422	0	0.037976	0.92683
956.31	338.25	6.3125	6.3125	0	5.8071	5.8071	0	0.91994	0.041699
188.97	340.32	8.0217	8.0217	0	0.44725	0.44725	0	0.055755	0.89438
865.5	337.5	8.86	8.86	0	1.5811	1.5811	0	0.17846	0.69713
294.95	340.53	6.9427	6.9427	0	1.2288	1.2288	0	0.17699	0.69925
837.77	339.05	15.357	15.357	0	0.74706	0.74706	0	0.048647	0.90722
544.7	340.7	7.9696	7.9696	0	3.2225	3.2225	0	0.40435	0.42415
962.5	339.5	6.3125	6.3125	0	10.644	10.644	0	1.6862	-0.25546
1013	340	9.5525	9.5525	0	0.5	0.5	0	0.052342	0.90052
418.38	341.91	17.589	17.589	0	0.15642	0.15642	0	0.0088933	0.98237
979.39	342.17	9.3094	9.3094	0	0.51218	0.51218	0	0.055018	0.8957
765.5	342	10.435	10.435	0	10.734	10.734	0	1.0286	-0.014092
807.5	343	2.6926	2.6926	0	1.5811	1.5811	0	0.58722	0.26006
810	344	2.6926	2.6926	0	1.118	1.118	0	0.41523	0.4132
225.83	344.83	18.485	18.485	0	8.57	8.57	0	0.46363	0.36647
193.37	347.03	8.0217	8.0217	0	0.99646	0.99646	0	0.12422	0.77901
320.5	345.5	7.2801	7.2801	0	20.789	20.789	0	2.8556	-0.48128
520.5	346	19.602	19.602	0	0.92195	0.92195	0	0.047033	0.91016
298.5	346.5	6.9427	6.9427	0	6.5544	6.5544	0	0.94406	0.028774
574	347	10.124	10.124	0	0.5	0.5	0	0.049386	0.90588
968	348.5	9.1241	9.1241	0	0.1374	0.1374	0	0.015059	0.97033
943.5	347.5	9.4868	9.4868	0	5.9067	5.9067	0	0.62262	0.23257
349	349.5	28.779	28.779	0	0.1667	0.1667	0	0.0057924	0.98848
596.96	351.29	11.887	11.887	0	0.41868	0.41868	0	0.035223	0.93195
1012	349.5	9.5525	9.5525	0	1.118	1.118	0	0.11704	0.79044
765.7	352.43	9.0339	9.0339	0	0.5895	0.5895	0	0.065254	0.87749
846.69	351.55	7.092	7.092	0	0.21018	0.21018	0	0.029636	0.94243
564.5	350.5	10.124	10.124	0	1	1	0	0.098773	0.82021
663	350.5	16.621	16.621	0	10.308	10.308	0	0.62017	0.23444
722.83	351.17	14.337	14.337	0	1.4731	1.4731	0	0.10275	0.81365
774.67	351.33	8.1953	8.1953	0	8.5572	8.5572	0	1.0442	-0.021601
934.5	350.5	9.4868	9.4868	0	12.748	12.748	0	1.3437	-0.14665
318.5	352.5	7.2801	7.2801	0	14.659	14.659	0	2.0135	-0.33632
582.5	353	10.404	10.404	0	0.5	0.5	0	0.048057	0.90829
638	353.5	14.705	14.705	0	0.54399	0.54399	0	0.036992	0.92865
407.21	355.5	17.589	17.589	0	0.54399	0.54399	0	0.030928	0.94
678.83	356.17	16.817	16.817	0	0.47136	0.47136	0	0.028029	0.94547
736.5	355.5	4.1231	4.1231	0	3.9599	3.9599	0	0.96041	0.020194
829.5	356	8.9202	8.9202	0	9.2195	9.2195	0	1.0336	-0.016502
740.3	357.1	4.1231	4.1231	0	0.18524	0.18524	0	0.044928	0.91401
772.67	359.28	8.1953	8.1953	0	0.94363	0.94363	0	0.11514	0.79349
966.5	357.5	9.1241	9.1241	0	0.5	0.5	0	0.0548	0.89609
441	359.5	7.8262	7.8262	0	0	0	0	0	1
846.06	358.61	7.092	7.092	0	0.045997	0.045997	0	0.0064857	0.98711
431.38	360.09	8.8621	8.8621	0	0.34071	0.34071	0	0.038446	0.92595
902.5	358.5	6.5765	6.5765	0	6.7082	6.7082	0	1.02	-0.009916
986.29	360.87	7.0365	7.0365	0	0.50383	0.50383	0	0.071603	0.86636
915.9	360.7	5.9935	5.9935	0	5.8036	5.8036	0	0.9683	0.016104
593	362.5	11.887	11.887	0	0.1471	0.1471	0	0.012375	0.97555
540.5	361.5	21.22	21.22	0	1.118	1.118	0	0.052688	0.8999
834.9	363.1	8.9202	8.9202	0	0.60828	0.60828	0	0.068191	0.87232
921.67	362.33	5.9935	5.9935	0	0.41253	0.41253	0	0.068828	0.87121
992.54	364.1	7.0365	7.0365	0	0.5328	0.5328	0	0.075719	0.85922
324.55	365.69	11.505	11.505	0	0.27669	0.27669	0	0.02405	0.95303
901.5	365	6.5765	6.5765	0	0.22361	0.22361	0	0.034001	0.93423
301.5	365.5	15.141	15.141	0	0.5	0.5	0	0.033022	0.93607
220.22	367.67	15.792	15.792	0	0.33339	0.33339	0	0.021112	0.95865
236	367	15.792	15.792	0	15.817	15.817	0	1.0016	-0.00080555
437.5	366.5	7.8262	7.8262	0	1.118	1.118	0	0.14286	0.75
633.5	367.5	5.5689	5.5689	0	1	1	0	0.17957	0.69553
706.5	368	17.904	17.904	0	0.5	0.5	0	0.027926	0.94566
638.39	370.17	5.5689	5.5689	0	5.2336	5.2336	0	0.93979	0.03104
936.38	370.62	15.707	15.707	0	1.2261	1.2261	0	0.07806	0.85518
315.07	372.21	11.505	11.505	0	0.63884	0.63884	0	0.055529	0.89478
627.5	371.5	7.2111	7.2111	0	8.2098	8.2098	0	1.1385	-0.06476
819	373.06	10.431	10.431	0	1.3845	1.3845	0	0.13273	0.76565
899.5	372.5	7.7621	7.7621	0	0.5555	0.5555	0	0.071566	0.86643
921.06	374.12	7.2088	7.2088	0	0.13975	0.13975	0	0.019386	0.96196
982.79	374.21	13.798	13.798	0	13.535	13.535	0	0.98094	0.0096195
425.39	376.17	14.911	14.911	0	0.59279	0.59279	0	0.039754	0.92353
196.67	378.88	15.727	15.727	0	1.277	1.277	0	0.081195	0.84981
785	378.5	22.647	22.647	0	0	0	0	0	1
919.91	381.24	6.53	6.53	0	0.54066	0.54066	0	0.082797	0.84707
965.4	379.7	16.95	16.95	0	0.80623	0.80623	0	0.047565	0.90919
180.5	381.85	16.439	16.439	0	0.1471	0.1471	0	0.0089484	0.98226
653.5	379.5	17.761	17.761	0	0.70711	0.70711	0	0.039812	0.92342
823.17	382.62	10.431	10.431	0	0	0	0	0	1
948.5	381	15.958	15.958	0	9.8615	9.8615	0	0.61797	0.23612
713.11	384.64	17.904	17.904	0	0.3778	0.3778	0	0.021101	0.95867
913.5	382.5	6.53	6.53	0	0	0	0	0	1
245.42	385.33	20.61	20.61	0	0.41331	0.41331	0	0.020054	0.96068
336.42	385.17	12.056	12.056	0	0.9275	0.9275	0	0.076932	0.85713
564.88	384.88	9.7502	9.7502	0	0.2308	0.2308	0	0.023671	0.95375
210.75	385.88	15.727	15.727	0	0.50389	0.50389	0	0.03204	0.93791
364.78	386.39	8.0747	8.0747	0	0.29919	0.29919	0	0.037053	0.92854
808.13	385.76	15.359	15.359	0	0.53051	0.53051	0	0.03454	0.93323
415.44	387.28	10.425	10.425	0	0.5087	0.5087	0	0.048794	0.90695
525.17	385.83	21.267	21.267	0	0.4444	0.4444	0	0.020897	0.95906
630.58	389.73	18.489	18.489	0	0.49065	0.49065	0	0.026538	0.9483
323.5	389	6.9663	6.9663	0	5.3151	5.3151	0	0.76297	0.13445
587.5	389.5	15.207	15.207	0	0.97628	0.97628	0	0.0642	0.87935
328.28	394.07	6.9663	6.9663	0	0.84819	0.84819	0	0.12176	0.78292
999.2	390.8	12.675	12.675	0	1.2495	1.2495	0	0.098576	0.82054
385.5	391	12.976	12.976	0	0.70711	0.70711	0	0.054493	0.89665
613.37	397.62	12.751	12.751	0	0.95467	0.95467	0	0.074869	0.86069
894.25	392.12	11.443	11.443	0	0.13	0.13	0	0.01136	0.97754
768.82	394.34	4.3232	4.3232	0	0.12619	0.12619	0	0.02919	0.94328
1011.8	391.83	6.9323	6.9323	0	0.74537	0.74537	0	0.10752	0.80583
359.5	392.5	8.0747	8.0747	0	6.9642	6.9642	0	0.86247	0.073842
553.5	393.25	13.06	13.06	0	2.1578	2.1578	0	0.16523	0.71641
734.78	395.84	12.284	12.284	0	0.52333	0.52333	0	0.042602	0.91828
1018	395	6.9323	6.9323	0	0.5	0.5	0	0.072127	0.86545
420.4	396.45	6.3413	6.3413	0	0.93823	0.93823	0	0.14795	0.74223
566.5	394.5	9.7502	9.7502	0	9.7146	9.7146	0	0.99635	0.0018275
287.5	395.5	15.733	15.733	0	0	0	0	0	1
600.66	398.61	12.751	12.751	0	0.57814	0.57814	0	0.045341	0.91325
855	398.71	9.0579	9.0579	0	1.0897	1.0897	0	0.1203	0.78524
909.3	397.3	8.3863	8.3863	0	0.98995	0.98995	0	0.11804	0.78884
917.75	399.08	8.6361	8.6361	0	0.28224	0.28224	0	0.032682	0.93671
321.17	398.83	8.5657	8.5657	0	5.3046	5.3046	0	0.61929	0.23511
377.03	400.83	12.976	12.976	0	0.34909	0.34909	0	0.026902	0.9476
576.5	400	11.413	11.413	0	0.41908	0.41908	0	0.03672	0.92916
770	398.5	4.3232	4.3232	0	4.3449	4.3449	0	1.005	-0.0025014
332.08	400.75	6.5221	6.5221	0	4.8891	4.8891	0	0.74961	0.14311
885.5	399.5	11.443	11.443	0	6.0828	6.0828	0	0.53155	0.30587
1022.3	400.73	7.1462	7.1462	0	7.4557	7.4557	0	1.0433	-0.021195
517.28	405.58	13.781	13.781	0	1.2202	1.2202	0	0.088543	0.83732
800	402	14.065	14.065	0	0.5	0.5	0	0.035549	0.93134
942.76	404.33	12.665	12.665	0	1.5074	1.5074	0	0.11902	0.78727
418.5	402.5	6.3413	6.3413	0	1.4142	1.4142	0	0.22302	0.6353
434.5	403.5	7	7	0	0.3684	0.3684	0	0.052629	0.90001
441.5	403.5	6.7082	6.7082	0	6.6316	6.6316	0	0.98858	0.0057425
334.94	406.61	6.5221	6.5221	0	0.90684	0.90684	0	0.13904	0.75586
651.21	405.5	4.9616	4.9616	0	2.2461	2.2461	0	0.45271	0.37674
711.5	405.5	10.193	10.193	0	0.70711	0.70711	0	0.069372	0.87026
905	404.5	8.3863	8.3863	0	8.2006	8.2006	0	0.97786	0.011195
861	405.5	9.0579	9.0579	0	5.099	5.099	0	0.56294	0.27964
676.3	408	20.181	20.181	0	0.14361	0.14361	0	0.0071161	0.98587
282.67	410.47	13.816	13.816	0	0.33924	0.33924	0	0.024554	0.95207
359.62	408.38	6.1263	6.1263	0	0.94491	0.94491	0	0.15424	0.73274
655.5	408	4.9616	4.9616	0	2.7173	2.7173	0	0.54768	0.29226
733	408	12.284	12.284	0	11.889	11.889	0	0.96779	0.016367
765.76	409.54	11.829	11.829	0	1.4212	1.4212	0	0.12014	0.78548
438.5	409.5	6.7082	6.7082	0	7.0135	7.0135	0	1.0455	-0.022246
634	409.5	9.1334	9.1334	0	0.70711	0.70711	0	0.07742	0.85629
840.83	408.83	17.409	17.409	0	17.288	17.288	0	0.99301	0.0035086
932.07	411.11	7.7999	7.7999	0	0.96857	0.96857	0	0.12418	0.77908
1007.1	412.2	12.981	12.981	0	2.0524	2.0524	0	0.15811	0.72695
182	411	21.492	21.492	0	0.3	0.3	0	0.013959	0.97247
788.86	410.59	8.5289	8.5289	0	1.4101	1.4101	0	0.16533	0.71625
719.11	412.28	10.193	10.193	0	0.38438	0.38438	0	0.037711	0.92732
121.5	412	13.463	13.463	0	0.5	0.5	0	0.037139	0.92838
593	412.5	11.283	11.283	0	0.92195	0.92195	0	0.081714	0.84892
269	412.5	12.408	12.408	0	12.959	12.959	0	1.0444	-0.021727
501	414	17.89	17.89	0	1.1013	1.1013	0	0.061558	0.88402
922.5	412.5	8.3337	8.3337	0	1	1	0	0.12	0.78572
964	413	22.942	22.942	0	4.3012	4.3012	0	0.18748	0.68424
359.5	414.5	6.1263	6.1263	0	1.0198	1.0198	0	0.16646	0.71458
370.4	415.45	7.1772	7.1772	0	0.1118	0.1118	0	0.015578	0.96932
991.5	414.5	15.818	15.818	0	0.5	0.5	0	0.031609	0.93872
347.5	415.5	9.434	9.434	0	11.8	11.8	0	1.2508	-0.11143
526.67	415.67	10.419	10.419	0	0.23575	0.23575	0	0.022627	0.95575
628.5	416.79	9.1061	9.1061	0	0.11545	0.11545	0	0.012678	0.97496
780.83	415.33	4.18	4.18	0	2.7929	2.7929	0	0.66817	0.19892
886.56	416.38	8.3904	8.3904	0	1.2735	1.2735	0	0.15178	0.73645
914.88	415.88	8.3337	8.3337	0	0.44204	0.44204	0	0.053042	0.89926
377.5	416.5	7.1772	7.1772	0	0.17678	0.17678	0	0.02463	0.95192
537	417	10.419	10.419	0	0.97541	0.97541	0	0.093619	0.82879
609.5	416.5	9.5563	9.5563	0	9.6566	9.6566	0	1.0105	-0.0052207
619.41	417.32	9.1061	9.1061	0	0.49335	0.49335	0	0.054177	0.89721
246.5	417.5	4.1231	4.1231	0	0.5	0.5	0	0.12127	0.7837
786.5	418.79	6.0424	6.0424	0	0.89086	0.89086	0	0.14744	0.74302
780.5	419.5	4.18	4.18	0	1.3975	1.3975	0	0.33434	0.49887
931.7	418.9	6.436	6.436	0	0.26877	0.26877	0	0.04176	0.91983
1018.5	418.5	6.3204	6.3204	0	7.3907	7.3907	0	1.1693	-0.078061
261.25	422.19	8.1825	8.1825	0	0.55177	0.55177	0	0.067432	0.87366
600.86	420.59	9.5563	9.5563	0	12.064	12.064	0	1.2624	-0.11599
853.86	420.41	16.529	16.529	0	1.3476	1.3476	0	0.081532	0.84923
247.5	421.5	4.1231	4.1231	0	0.35714	0.35714	0	0.086619	0.84057
891.3	423.3	7.0661	7.0661	0	0.59121	0.59121	0	0.083669	0.84558
298	422	4	4	0	1.8323	1.8323	0	0.45808	0.37166
302	422	4	4	0	2.5749	2.5749	0	0.64373	0.21674
739.08	424.38	7.5387	7.5387	0	0.22059	0.22059	0	0.029261	0.94314
1016.9	424.62	6.3204	6.3204	0	1.3684	1.3684	0	0.2165	0.64406
342.5	423.5	8.9258	8.9258	0	6.8159	6.8159	0	0.76362	0.13403
118	425	13.463	13.463	0	0.5	0.5	0	0.037139	0.92838
933.17	425.17	6.436	6.436	0	6.1847	6.1847	0	0.96094	0.019919
885	426.5	4.8791	4.8791	0	4.5793	4.5793	0	0.93856	0.031693
781.28	427.61	8.1483	8.1483	0	0.52853	0.52853	0	0.064864	0.87817
818.8	428.6	7.2111	7.2111	0	0.69288	0.69288	0	0.096086	0.82467
880.17	427.17	4.8791	4.8791	0	1.9686	1.9686	0	0.40348	0.42503
267.17	427.83	7.3972	7.3972	0	0.89585	0.89585	0	0.12111	0.78395
679	428	20.181	20.181	0	1.1792	1.1792	0	0.058432	0.88959
260.5	431.04	7.3972	7.3972	0	0.74072	0.74072	0	0.10014	0.81796
341.95	432.41	8.9258	8.9258	0	2.3076	2.3076	0	0.25853	0.58915
450.37	435.27	11.372	11.372	0	1.5864	1.5864	0	0.13949	0.75517
826	429	7.2111	7.2111	0	7.1375	7.1375	0	0.98979	0.0051314
1012.1	430.93	7.9601	7.9601	0	0.60039	0.60039	0	0.075425	0.85973
423.83	431.25	9.8914	9.8914	0	0.73379	0.73379	0	0.074185	0.86188
742.88	430.88	7.5387	7.5387	0	0.12629	0.12629	0	0.016752	0.96705
185.58	432.19	21.492	21.492	0	0.057626	0.057626	0	0.0026813	0.99465
498.4	431.7	17.89	17.89	0	0.53852	0.53852	0	0.030102	0.94156
398.92	436.36	10.199	10.199	0	0.61536	0.61536	0	0.060336	0.88619
766	431.5	12.777	12.777	0	13.36	13.36	0	1.0456	-0.022309
837.8	432.75	12.382	12.382	0	0.18028	0.18028	0	0.01456	0.9713
156.17	434.64	29.512	29.512	0	0.30586	0.30586	0	0.010364	0.97948
727.34	434.34	15.393	15.393	0	0.36085	0.36085	0	0.023442	0.95419
439	435	11.372	11.372	0	7.1063	7.1063	0	0.62487	0.23086
977.83	434.17	13.864	13.864	0	1.1785	1.1785	0	0.084999	0.84332
217	434.5	15.075	15.075	0	14.431	14.431	0	0.95728	0.021824
562.62	435.38	29.351	29.351	0	1.0351	1.0351	0	0.035265	0.93187
232	436	15.075	15.075	0	2.2361	2.2361	0	0.14833	0.74166
359.5	436.5	7.5	7.5	0	7.2735	7.2735	0	0.96979	0.015334
755	438	9.8995	9.8995	0	0.5831	0.5831	0	0.058902	0.88875
870.12	439.12	15.614	15.614	0	0.1632	0.1632	0	0.010452	0.97931
947.9	439.1	5.022	5.022	0	0.29874	0.29874	0	0.059486	0.88771
365.41	441.41	7.6822	7.6822	0	0.74548	0.74548	0	0.097039	0.82309
413.5	439.5	10.114	10.114	0	2.1213	2.1213	0	0.20974	0.65324
266.17	440.83	8.6923	8.6923	0	0.70711	0.70711	0	0.081349	0.84954
355	442.5	7.5	7.5	0	0.2857	0.2857	0	0.038093	0.92661
425.5	441	5.3359	5.3359	0	1.4667	1.4667	0	0.27488	0.56877
909	441	7.0711	7.0711	0	0.54399	0.54399	0	0.076932	0.85713
916	442	7.0711	7.0711	0	0.47136	0.47136	0	0.06666	0.87501
257.5	441.5	8.6923	8.6923	0	7.2801	7.2801	0	0.83753	0.088415
952	442	5.022	5.022	0	5.0268	5.0268	0	1.001	-0.00048251
602.7	444	12.714	12.714	0	0.0857	0.0857	0	0.0067405	0.98661
854.5	444.3	16.454	16.454	0	0.31623	0.31623	0	0.019219	0.96229
1020.7	445.64	17.064	17.064	0	0.4288	0.4288	0	0.025129	0.95097
396.05	446.15	8.6444	8.6444	0	0.61556	0.61556	0	0.071209	0.86705
590.1	445.7	12.714	12.714	0	0.31817	0.31817	0	0.025025	0.95117
762	445	9.8995	9.8995	0	10.057	10.057	0	1.0159	-0.0078844
425.67	446.33	5.3359	5.3359	0	1.0302	1.0302	0	0.19307	0.67635
922.5	446	7.6322	7.6322	0	1.118	1.118	0	0.14649	0.74446
823	446.5	17.755	17.755	0	0.5	0.5	0	0.028161	0.94522
971.5	446.5	3.1711	3.1711	0	2.5	2.5	0	0.78837	0.11833
127	448.5	25.164	25.164	0	0.5	0.5	0	0.019869	0.96104
669.5	447.5	2.6926	2.6926	0	8.4984	8.4984	0	3.1562	-0.51879
411	449.3	10.114	10.114	0	0.4951	0.4951	0	0.048953	0.90666
667	448.5	2.6926	2.6926	0	9.0815	9.0815	0	3.3728	-0.54262
971.33	449.67	3.1711	3.1711	0	0.68722	0.68722	0	0.21672	0.64377
325.91	452.82	12.784	12.784	0	0.87062	0.87062	0	0.0681	0.87248
798.83	451.25	17.134	17.134	0	0.7333	0.7333	0	0.042797	0.91792
614	451.5	9.8615	9.8615	0	0.5576	0.5576	0	0.056543	0.89297
992	450.5	4.272	4.272	0	1	1	0	0.23408	0.62064
996.1	451.7	4.272	4.272	0	5.2393	5.2393	0	1.2264	-0.1017
458	451.5	6.9147	6.9147	0	6.0208	6.0208	0	0.87073	0.069102
632.34	453.34	9.0165	9.0165	0	0.35186	0.35186	0	0.039023	0.92488
641.33	452.67	9.0165	9.0165	0	0.94818	0.94818	0	0.10516	0.80969
673.5	453.33	7.073	7.073	0	1.8634	1.8634	0	0.26346	0.58296
693.5	453.5	16.771	16.771	0	0.5	0.5	0	0.029814	0.9421
218.26	457.06	9.8612	9.8612	0	0.51367	0.51367	0	0.05209	0.90098
391.5	453.5	8.6444	8.6444	0	9.1526	9.1526	0	1.0588	-0.028559
430.58	455.96	10.808	10.808	0	3.074	3.074	0	0.28442	0.55712
1000.5	455.3	5.6851	5.6851	0	0.4857	0.4857	0	0.085434	0.84258
782.57	456.63	11.18	11.18	0	1.029	1.029	0	0.092044	0.83143
622.5	456.5	8.0777	8.0777	0	0.57587	0.57587	0	0.071291	0.86691
311.25	458.83	12.879	12.879	0	0.6667	0.6667	0	0.051766	0.90156
459.5	458.25	6.9147	6.9147	0	2.136	2.136	0	0.30891	0.52799
740.5	458	24.047	24.047	0	1.1088	1.1088	0	0.046112	0.91184
936.1	459.94	19.475	19.475	0	0.11662	0.11662	0	0.0059881	0.9881
336.19	460.42	9.7699	9.7699	0	0.14601	0.14601	0	0.014945	0.97055
496.5	458.5	15.855	15.855	0	2.3717	2.3717	0	0.14959	0.73976
512.33	459.33	12.186	12.186	0	2.3526	2.3526	0	0.19307	0.67635
596.5	459	9.4193	9.4193	0	8.2462	8.2462	0	0.87546	0.066405
967.5	459.21	10.288	10.288	0	10.97	10.97	0	1.0662	-0.032045
716.5	459.5	23.77	23.77	0	14.488	14.488	0	0.60949	0.24263
478.92	462.61	12.605	12.605	0	1.1583	1.1583	0	0.091894	0.83168
678.5	461	9.153	9.153	0	0.3	0.3	0	0.032776	0.93653
225.23	464.04	9.8612	9.8612	0	0.13256	0.13256	0	0.013442	0.97347
452.68	464.68	8.0528	8.0528	0	0.49755	0.49755	0	0.061786	0.88362
619.5	464	8.0777	8.0777	0	0.2143	0.2143	0	0.02653	0.94831
841.5	463.5	23.187	23.187	0	23.104	23.104	0	0.9964	0.0018014
256.86	465.95	11.803	11.803	0	0.43325	0.43325	0	0.036707	0.92919
466.5	464.75	9.5525	9.5525	0	5.3444	5.3444	0	0.55948	0.28248
662.3	465.1	16.245	16.245	0	1.8028	1.8028	0	0.11098	0.80022
405.5	467	14.08	14.08	0	1.3213	1.3213	0	0.093841	0.82842
782.44	467.81	8.6697	8.6697	0	0.3125	0.3125	0	0.036045	0.93042
195.5	469	15.479	15.479	0	0.36647	0.36647	0	0.023676	0.95374
445.3	467.9	8.0528	8.0528	0	0.8544	0.8544	0	0.1061	0.80816
508.77	470.99	6.052	6.052	0	0.81096	0.81096	0	0.134	0.76367
598.67	468.17	9.4193	9.4193	0	0.89748	0.89748	0	0.095282	0.82601
792	467.5	3.8079	3.8079	0	9.2937	9.2937	0	2.4406	-0.41871
331.83	469.17	5.775	5.775	0	0.50621	0.50621	0	0.087655	0.83882
419.5	468.5	3	3	0	5.5902	5.5902	0	1.8634	-0.30153
422.5	468.5	3	3	0	8.3815	8.3815	0	2.7938	-0.47283
577.7	469.1	4.801	4.801	0	0.89162	0.89162	0	0.18571	0.68675
582.5	469	4.801	4.801	0	4.1231	4.1231	0	0.85879	0.075966
235	469.5	11.192	11.192	0	11.296	11.296	0	1.0093	-0.0046237
306.17	470.67	12.879	12.879	0	1.1577	1.1577	0	0.089889	0.83505
326.21	470.5	5.775	5.775	0	0.60241	0.60241	0	0.10431	0.81108
432.91	472.76	11.245	11.245	0	0.46484	0.46484	0	0.041337	0.92061
790.5	471	3.8079	3.8079	0	6.5265	6.5265	0	1.7139	-0.26307
873.17	471.17	32.196	32.196	0	2.1909	2.1909	0	0.068049	0.87257
1012	473.2	5.86	5.86	0	0.14142	0.14142	0	0.024133	0.95287
281.26	473.44	22.279	22.279	0	0.24254	0.24254	0	0.010886	0.97846
565.21	473	10.418	10.418	0	0.15966	0.15966	0	0.015325	0.96981
554.96	474.85	10.418	10.418	0	0.45097	0.45097	0	0.043289	0.91701
799.17	473.17	6.2677	6.2677	0	6.3489	6.3489	0	1.013	-0.006437
513.3	475	6.052	6.052	0	5.4192	5.4192	0	0.89544	0.055166
973.5	475.5	10.569	10.569	0	0.12424	0.12424	0	0.011755	0.97676
450.25	475.5	4.1908	4.1908	0	8.5908	8.5908	0	2.0499	-0.34425
696.06	475.83	12.454	12.454	0	1.1028	1.1028	0	0.08855	0.83731
798.45	479.39	6.2677	6.2677	0	0.90363	0.90363	0	0.14417	0.74799
962.97	476.37	10.569	10.569	0	0.74532	0.74532	0	0.07052	0.86825
257.65	477.73	8.7705	8.7705	0	0.27735	0.27735	0	0.031623	0.93869
114	477	14.08	14.08	0	0	0	0	0	1
497.86	477.59	5.4276	5.4276	0	0.42586	0.42586	0	0.078463	0.85449
646.9	477.9	10.197	10.197	0	0.6265	0.6265	0	0.061442	0.88423
327.5	477.5	7.1171	7.1171	0	7.1261	7.1261	0	1.0013	-0.00063206
677.83	478.17	6.7185	6.7185	0	11.335	11.335	0	1.6871	-0.25569
767.5	478	7.1589	7.1589	0	6.0627	6.0627	0	0.84688	0.08291
386.59	480.72	22.977	22.977	0	0.47025	0.47025	0	0.020466	0.95989
463	479	8.1394	8.1394	0	0.42312	0.42312	0	0.051984	0.90117
1014.5	478.5	5.86	5.86	0	0.53852	0.53852	0	0.091896	0.83168
451.5	479.5	4.1908	4.1908	0	11.116	11.116	0	2.6525	-0.45243
493	480	5.4276	5.4276	0	5.0807	5.0807	0	0.93609	0.03301
341.17	481.17	8.0553	8.0553	0	0.6684	0.6684	0	0.082976	0.84676
471	480.5	8.1394	8.1394	0	8.4942	8.4942	0	1.0436	-0.021329
918.25	482.75	9.3708	9.3708	0	0.2642	0.2642	0	0.028194	0.94516
515.2	483.35	8.5634	8.5634	0	0.51313	0.51313	0	0.059921	0.88693
424.88	483.88	12.103	12.103	0	0.42217	0.42217	0	0.034883	0.93259
656	482.5	10.197	10.197	0	1.5723	1.5723	0	0.1542	0.73281
197.17	484.39	15.479	15.479	0	0.20033	0.20033	0	0.012942	0.97445
501.25	485.06	8.2032	8.2032	0	0.95598	0.95598	0	0.11654	0.79125
674.5	484	6.7185	6.7185	0	5	5	0	0.74421	0.14665
765.36	485.43	5.2261	5.2261	0	2.1362	2.1362	0	0.40876	0.41968
1003.5	483.5	8.1394	8.1394	0	7.642	7.642	0	0.93889	0.031519
348.5	484.5	8.0553	8.0553	0	8.3115	8.3115	0	1.0318	-0.015654
705	484.5	11.011	11.011	0	12.442	12.442	0	1.1299	-0.061003
770.5	484.5	5.2261	5.2261	0	5.8837	5.8837	0	1.1258	-0.059192
257.5	486.5	8.7705	8.7705	0	9	9	0	1.0262	-0.012912
217.7	488.1	8.5651	8.5651	0	0.70711	0.70711	0	0.082557	0.84748
226	490.21	8.5651	8.5651	0	0.81105	0.81105	0	0.094693	0.827
442	489	13.435	13.435	0	1.1402	1.1402	0	0.084866	0.84355
468.82	491.36	9.1172	9.1172	0	0.1513	0.1513	0	0.016595	0.96735
635.5	488.5	15.567	15.567	0	1.118	1.118	0	0.071822	0.86598
743	490.5	19.906	19.906	0	0	0	0	0	1
903.21	491.53	8.7734	8.7734	0	0.14564	0.14564	0	0.0166	0.96734
911.75	489.5	8.7734	8.7734	0	0.55902	0.55902	0	0.063717	0.8802
1009.5	489	8.1394	8.1394	0	0.5	0.5	0	0.06143	0.88425
236.62	490.62	10.633	10.633	0	0.87821	0.87821	0	0.082593	0.84742
327.36	491.07	11.963	11.963	0	2.449	2.449	0	0.20472	0.66014
947.17	489.83	20.76	20.76	0	0.84981	0.84981	0	0.040934	0.92135
115.5	491	14.08	14.08	0	14.08	14.08	0	1	0
288.54	494.5	8.4068	8.4068	0	0.36684	0.36684	0	0.043636	0.91638
358.12	493	12.824	12.824	0	0.67315	0.67315	0	0.052491	0.90025
67.149	495.31	35.19	35.19	0	4.4442	4.4442	0	0.12629	0.77574
508.11	495.41	10.609	10.609	0	0.24401	0.24401	0	0.023	0.95503
538	493.5	15.819	15.819	0	14.603	14.603	0	0.92311	0.039983
596.1	494.3	14.031	14.031	0	1.1205	1.1205	0	0.079857	0.8521
169.38	495.38	8.4428	8.4428	0	0.25	0.25	0	0.029611	0.94248
308.21	496	17.586	17.586	0	0.54399	0.54399	0	0.030933	0.93999
493.5	494.5	4.1231	4.1231	0	4.0608	4.0608	0	0.98489	0.0076147
695.5	494.5	9.0554	9.0554	0	0.42426	0.42426	0	0.046852	0.91049
281.02	498.26	8.4068	8.4068	0	0.51863	0.51863	0	0.061692	0.88379
422.5	495.75	9.2905	9.2905	0	1.5042	1.5042	0	0.1619	0.72131
497.5	495.5	4.1231	4.1231	0	1.7	1.7	0	0.41231	0.41612
704.5	495.5	7.4351	7.4351	0	7.713	7.713	0	1.0374	-0.018342
851	497	11.424	11.424	0	0.70711	0.70711	0	0.061898	0.88342
482.17	498.39	6.4788	6.4788	0	2.1618	2.1618	0	0.33367	0.49963
518.28	500.11	11.205	11.205	0	0.67242	0.67242	0	0.060009	0.88678
582.86	498.95	13.904	13.904	0	0.35818	0.35818	0	0.025761	0.94977
177	499	8.4428	8.4428	0	8.3385	8.3385	0	0.98765	0.0062142
399.17	499.94	6.5848	6.5848	0	0.66901	0.66901	0	0.1016	0.81554
463.7	498.9	9.1172	9.1172	0	1.2494	1.2494	0	0.13704	0.75895
614.5	498.5	10.168	10.168	0	1.3743	1.3743	0	0.13516	0.76186
331.07	502.44	11.963	11.963	0	0.89669	0.89669	0	0.074957	0.86054
371	500.5	11.31	11.31	0	0.70711	0.70711	0	0.062519	0.88232
431	499.5	9.2905	9.2905	0	1.118	1.118	0	0.12034	0.78517
488.17	500.83	6.4788	6.4788	0	1.6385	1.6385	0	0.2529	0.59629
890	500.5	12.153	12.153	0	12.017	12.017	0	0.98883	0.0056165
194	502	17.263	17.263	0	0.70711	0.70711	0	0.040962	0.9213
211.61	502.83	7.2148	7.2148	0	5.3099	5.3099	0	0.73598	0.15209
218.7	504.18	7.2148	7.2148	0	2.0161	2.0161	0	0.27943	0.56319
702.38	502.62	7.4351	7.4351	0	0.49624	0.49624	0	0.066742	0.87487
840.5	501.5	11.424	11.424	0	11.18	11.18	0	0.9787	0.010764
901.88	503.04	11.586	11.586	0	0.34549	0.34549	0	0.029818	0.94209
360.38	505.62	9.7917	9.7917	0	1.0464	1.0464	0	0.10687	0.8069
423.91	506.38	9.0463	9.0463	0	0	0	0	0	1
399.79	506.5	6.5848	6.5848	0	0.9313	0.9313	0	0.14143	0.75218
482.06	507.75	9.2251	9.2251	0	0.53149	0.53149	0	0.057613	0.89105
861.12	507.12	8.5681	8.5681	0	0.1632	0.1632	0	0.019047	0.96262
226.5	507.5	8.4791	8.4791	0	0.74537	0.74537	0	0.087907	0.83839
534.65	508.96	8.3636	8.3636	0	0.48958	0.48958	0	0.058537	0.8894
878.5	508	13.73	13.73	0	0.80623	0.80623	0	0.058722	0.88907
368.23	511.47	9.7917	9.7917	0	0.70307	0.70307	0	0.071803	0.86602
605.39	509.83	9.0202	9.0202	0	1.0499	1.0499	0	0.1164	0.79148
614.33	508.67	9.0202	9.0202	0	0.5928	0.5928	0	0.065719	0.87667
751.5	508.5	4.9042	4.9042	0	3.5355	3.5355	0	0.72092	0.16217
852.93	509.64	8.5681	8.5681	0	0.77965	0.77965	0	0.090994	0.83319
543	509.5	8.3636	8.3636	0	1.5	1.5	0	0.17935	0.69585
956	513.44	12.19	12.19	0	3.1629	3.1629	0	0.25946	0.58798
993.17	510.61	13.94	13.94	0	0	0	0	0	1
215	511.5	8.2064	8.2064	0	0.25	0.25	0	0.030464	0.94087
311.94	513.19	17.586	17.586	0	0.31869	0.31869	0	0.018122	0.9644
97.143	513.71	29.205	29.205	0	0.52219	0.52219	0	0.01788	0.96487
421.08	514.97	9.0463	9.0463	0	2.7853	2.7853	0	0.30789	0.52918
627.89	513.89	7.5625	7.5625	0	0.40446	0.40446	0	0.053482	0.89847
752.57	513.29	4.9042	4.9042	0	1.407	1.407	0	0.28689	0.55413
140.12	513.88	7.6779	7.6779	0	0.55487	0.55487	0	0.072269	0.8652
586	512.5	13.904	13.904	0	0.66901	0.66901	0	0.048117	0.90818
681.5	515	20.024	20.024	0	0.89748	0.89748	0	0.04482	0.9142
738.5	514.5	8.0156	8.0156	0	0.70711	0.70711	0	0.088216	0.83787
860.5	517	9.9037	9.9037	0	0.29569	0.29569	0	0.029856	0.94202
620.5	515.5	7.5625	7.5625	0	4.6098	4.6098	0	0.60956	0.24258
638.5	515.5	10.733	10.733	0	1.4142	1.4142	0	0.13177	0.76715
538.93	520.26	11.506	11.506	0	0.19188	0.19188	0	0.016676	0.9672
897.5	517.5	6.5498	6.5498	0	0.44721	0.44721	0	0.068279	0.87217
906.5	518	9.0139	9.0139	0	0.40154	0.40154	0	0.044547	0.91471
935.5	516.5	12.373	12.373	0	18.714	18.714	0	1.5126	-0.204
223.67	518.67	11.246	11.246	0	0.47136	0.47136	0	0.041913	0.91955
259.8	519.8	19.275	19.275	0	0.36056	0.36056	0	0.018706	0.96328
755.75	519.75	5.3033	5.3033	0	0.6667	0.6667	0	0.12571	0.77665
143	521	7.6779	7.6779	0	1.4142	1.4142	0	0.18419	0.68891
513.8	522.94	23.272	23.272	0	0.27592	0.27592	0	0.011856	0.97657
808.33	524.79	7.9049	7.9049	0	0.9874	0.9874	0	0.12491	0.77792
893.67	522.81	6.5498	6.5498	0	0.29742	0.29742	0	0.045409	0.91313
381.5	521.5	4.9244	4.9244	0	3.7372	3.7372	0	0.75892	0.13706
987.86	523.5	13.94	13.94	0	0.41542	0.41542	0	0.029801	0.94212
386	523.5	4.9244	4.9244	0	1.2944	1.2944	0	0.26285	0.58372
739	522.5	8.0156	8.0156	0	7.5664	7.5664	0	0.94395	0.028831
961.34	524.39	12.19	12.19	0	0.82345	0.82345	0	0.067551	0.87345
165.62	525.96	19.281	19.281	0	0.54841	0.54841	0	0.028443	0.94469
759.5	523.5	5.3033	5.3033	0	5.7939	5.7939	0	1.0925	-0.044213
942.79	526.5	12.373	12.373	0	15.186	15.186	0	1.2274	-0.10209
336.5	526.5	12.297	12.297	0	8.5907	8.5907	0	0.69859	0.17745
771.57	530.02	8.3802	8.3802	0	0.1651	0.1651	0	0.019701	0.96136
48	528	14.767	14.767	0	15.182	15.182	0	1.0281	-0.013873
126.5	527.5	17.734	17.734	0	1	1	0	0.056388	0.89324
750.53	529.85	10.991	10.991	0	0.23301	0.23301	0	0.0212	0.95848
795.5	528	12.347	12.347	0	12.508	12.508	0	1.013	-0.0064643
647.5	529.5	10.644	10.644	0	5.9002	5.9002	0	0.55431	0.28675
655.46	536.75	10.768	10.768	0	2.9028	2.9028	0	0.26957	0.57533
468.08	534.92	19.558	19.558	0	1.0308	1.0308	0	0.052704	0.89987
423.38	533.56	18.569	18.569	0	0.29311	0.29311	0	0.015785	0.96892
556.5	533.3	17.49	17.49	0	0.46381	0.46381	0	0.026519	0.94833
811.17	532.17	7.9049	7.9049	0	7.3856	7.3856	0	0.9343	0.033965
210.15	535.56	17.703	17.703	0	0.94148	0.94148	0	0.053182	0.89901
679.38	534.91	20.024	20.024	0	0.1764	0.1764	0	0.0088094	0.98254
849.04	535.96	21.094	21.094	0	0.31558	0.31558	0	0.014961	0.97052
402	535	12.748	12.748	0	0.70711	0.70711	0	0.05547	0.89489
616.17	534.83	19.813	19.813	0	1.7044	1.7044	0	0.086025	0.84158
380.5	536.25	3.3634	3.3634	0	3.5795	3.5795	0	1.0642	-0.031118
722.7	535.9	7.4684	7.4684	0	0.44721	0.44721	0	0.059881	0.887
343.17	536.83	12.297	12.297	0	0.97188	0.97188	0	0.079033	0.85351
642.03	538.63	10.644	10.644	0	0.86004	0.86004	0	0.080798	0.85049
774.61	537.83	8.3802	8.3802	0	2.6724	2.6724	0	0.3189	0.51642
992.1	538.46	8.4547	8.4547	0	0.54918	0.54918	0	0.064956	0.87801
1008.6	538.33	8.1261	8.1261	0	0.34367	0.34367	0	0.042292	0.91885
328.5	537.5	13.601	13.601	0	0.70711	0.70711	0	0.051988	0.90116
1000.5	537.5	8.1261	8.1261	0	0.25	0.25	0	0.030765	0.94031
261.5	539	19.275	19.275	0	0.55902	0.55902	0	0.029002	0.94363
383	538.5	3.1064	3.1064	0	1.4142	1.4142	0	0.45525	0.37433
702.33	539.33	15.694	15.694	0	0.20482	0.20482	0	0.013051	0.97423
792.83	540.06	12.347	12.347	0	0.85328	0.85328	0	0.069108	0.87072
227	541	17.703	17.703	0	1.2717	1.2717	0	0.071837	0.86595
154.21	541.5	10.668	10.668	0	0.4293	0.4293	0	0.040244	0.92263
384.7	541.1	3.1064	3.1064	0	3.1385	3.1385	0	1.0103	-0.0051283
717.86	541.59	7.4684	7.4684	0	1.1803	1.1803	0	0.15804	0.72706
52.167	542.17	8.9343	8.9343	0	0.47136	0.47136	0	0.052758	0.89977
486.5	541.5	14.62	14.62	0	1.2	1.2	0	0.082077	0.8483
895	542.5	12.422	12.422	0	0.5	0.5	0	0.04025	0.92261
283.91	545.38	14.962	14.962	0	0.47542	0.47542	0	0.031775	0.93841
740.62	544.62	13.126	13.126	0	0.95234	0.95234	0	0.072556	0.86471
543.5	545	7.6839	7.6839	0	5.9228	5.9228	0	0.77081	0.12943
727.5	544.5	9.8489	9.8489	0	2.0616	2.0616	0	0.20932	0.65382
906.88	546.12	8.7929	8.7929	0	0.44854	0.44854	0	0.051011	0.90293
396.5	546.5	12.748	12.748	0	1	1	0	0.078446	0.85452
947.5	547	21.006	21.006	0	21.24	21.24	0	1.0111	-0.005542
75.062	549.75	18.865	18.865	0	0.071977	0.071977	0	0.0038154	0.9924
355.64	549.69	7.862	7.862	0	0.47844	0.47844	0	0.060854	0.88527
915	549.5	8.7929	8.7929	0	0.67188	0.67188	0	0.076412	0.85802
548.74	550.62	7.6839	7.6839	0	2.0339	2.0339	0	0.2647	0.5814
865.21	549.5	21.094	21.094	0	0.66555	0.66555	0	0.031552	0.93883
986.5	548.5	11.496	11.496	0	0.5	0.5	0	0.043493	0.91664
421.58	552.04	6.6502	6.6502	0	0.25017	0.25017	0	0.037619	0.92749
591.5	549.5	14.5	14.5	0	2	2	0	0.13793	0.75758
52.3	551.1	8.9343	8.9343	0	0.63246	0.63246	0	0.07079	0.86778
150.5	551.5	10.668	10.668	0	1.8439	1.8439	0	0.17285	0.70524
308.5	551	17.533	17.533	0	0.70711	0.70711	0	0.04033	0.92247
658.43	552.91	15.261	15.261	0	0.38773	0.38773	0	0.025406	0.95045
348.3	552.5	6.6212	6.6212	0	0.2	0.2	0	0.030206	0.94136
413	553.5	8.6023	8.6023	0	0.5	0.5	0	0.058124	0.89014
500.05	554.32	16.237	16.237	0	2.0279	2.0279	0	0.1249	0.77794
185	553.5	12.082	12.082	0	0.51218	0.51218	0	0.042391	0.91867
171.2	556.59	14.145	14.145	0	0.18122	0.18122	0	0.012812	0.9747
325.62	554.79	17.533	17.533	0	0.33276	0.33276	0	0.01898	0.96275
196.59	556.93	12.082	12.082	0	0.43149	0.43149	0	0.035713	0.93104
483.88	555.88	12.49	12.49	0	0.87372	0.87372	0	0.069957	0.86923
471.5	557.5	12.49	12.49	0	0.15712	0.15712	0	0.01258	0.97515
777.34	559.63	15.363	15.363	0	0.59457	0.59457	0	0.0387	0.92548
101	559	18.153	18.153	0	0.1632	0.1632	0	0.0089901	0.98218
345.5	558.5	6.6212	6.6212	0	6.7082	6.7082	0	1.0131	-0.0065289
420	558.5	4.3748	4.3748	0	3.9051	3.9051	0	0.89265	0.056719
428	559.5	8.0623	8.0623	0	1.2207	1.2207	0	0.1514	0.73701
807	559.5	4.717	4.717	0	0.63738	0.63738	0	0.13512	0.76192
964	560	21.006	21.006	0	0.23575	0.23575	0	0.011223	0.9778
283.33	560.33	14.962	14.962	0	0.47136	0.47136	0	0.031503	0.93892
581	559.5	11.63	11.63	0	0.70711	0.70711	0	0.060802	0.88537
416.67	561.33	4.3748	4.3748	0	0.84981	0.84981	0	0.19425	0.67469
762	560.5	15.363	15.363	0	8.9022	8.9022	0	0.57944	0.26627
261	562.5	10.789	10.789	0	11.028	11.028	0	1.0222	-0.010959
391.5	562.5	16.183	16.183	0	9.551	9.551	0	0.59019	0.25771
833.86	563.41	6.8035	6.8035	0	0.44577	0.44577	0	0.06552	0.87702
840.67	563.33	6.8035	6.8035	0	1.1313	1.1313	0	0.16629	0.71484
891	563.5	12.369	12.369	0	0.61026	0.61026	0	0.049337	0.90597
118.3	564.5	12.212	12.212	0	0.8	0.8	0	0.065512	0.87703
570.5	564.5	11.63	11.63	0	0.73633	0.73633	0	0.063314	0.88091
605.62	564.62	13.876	13.876	0	0.63738	0.63738	0	0.045935	0.91216
809.5	563.5	4.717	4.717	0	1.118	1.118	0	0.23702	0.61679
512.43	568.71	10.013	10.013	0	0.13968	0.13968	0	0.01395	0.97248
619.5	564.5	13.876	13.876	0	1	1	0	0.072069	0.86555
648.5	564.5	8.9181	8.9181	0	2.6874	2.6874	0	0.30135	0.53687
712.1	566.46	8.6071	8.6071	0	0.46266	0.46266	0	0.053754	0.89798
997.61	565.83	16.656	16.656	0	16.665	16.665	0	1.0005	-0.00027208
82.7	567	18.865	18.865	0	0.71729	0.71729	0	0.038022	0.92674
732.95	566.86	7.8546	7.8546	0	0.58958	0.58958	0	0.075061	0.86036
903	566.5	10.548	10.548	0	0.22361	0.22361	0	0.0212	0.95848
913.5	565.5	10.548	10.548	0	10.431	10.431	0	0.98893	0.0055671
656.17	569.06	8.9181	8.9181	0	0.073192	0.073192	0	0.0082072	0.98372
670.3	569.7	14.148	14.148	0	1.0534	1.0534	0	0.074458	0.8614
502.87	571.7	10.013	10.013	0	0.28873	0.28873	0	0.028835	0.94395
253.62	570.38	10.789	10.789	0	0.88808	0.88808	0	0.082312	0.8479
453.81	571.56	7.5632	7.5632	0	0.64263	0.64263	0	0.084968	0.84337
128.5	571.21	12.212	12.212	0	0.54399	0.54399	0	0.044547	0.91471
405.17	571.17	15.131	15.131	0	9.1728	9.1728	0	0.60622	0.24516
704.5	570.5	8.6071	8.6071	0	8.7555	8.7555	0	1.0172	-0.0085488
727.1	572.1	7.8546	7.8546	0	1.1096	1.1096	0	0.14127	0.75244
342.22	573.39	12.383	12.383	0	0.29919	0.29919	0	0.024161	0.95282
430.5	572.5	5	5	0	1.527	1.527	0	0.30539	0.53211
462.5	573.15	8.8308	8.8308	0	0.41091	0.41091	0	0.046532	0.91107
482.19	574.33	10.877	10.877	0	0.18599	0.18599	0	0.0171	0.96637
646.5	573.5	9.2195	9.2195	0	0.33541	0.33541	0	0.03638	0.92979
1013.5	572.5	6.5788	6.5788	0	0.63246	0.63246	0	0.096135	0.82459
425.5	572.5	5	5	0	3.5116	3.5116	0	0.70233	0.17486
447.82	576.18	7.5632	7.5632	0	0.064064	0.064064	0	0.0084705	0.9832
354.5	575	12.383	12.383	0	0.7857	0.7857	0	0.06345	0.88067
440.21	576.5	7.6139	7.6139	0	0.57587	0.57587	0	0.075634	0.85937
691.7	579.03	7.8182	7.8182	0	0.82604	0.82604	0	0.10566	0.80888
1009.4	577.62	6.5788	6.5788	0	0.53033	0.53033	0	0.080611	0.8508
699.5	578.5	6.7884	6.7884	0	1	1	0	0.14731	0.74321
833.5	578.5	10	10	0	0.70711	0.70711	0	0.070711	0.86792
920.38	579.38	15.485	15.485	0	0.25	0.25	0	0.016145	0.96822
234.21	582	22.251	22.251	0	0.58935	0.58935	0	0.026486	0.94839
425.55	581.75	7.6528	7.6528	0	0.39225	0.39225	0	0.051256	0.90249
585.13	582.13	18.743	18.743	0	0.66143	0.66143	0	0.035289	0.93183
712.5	580.5	12.102	12.102	0	2.6874	2.6874	0	0.22207	0.63657
937	581	16.704	16.704	0	1.118	1.118	0	0.066931	0.87454
974.39	581.83	7.9155	7.9155	0	0	0	0	0	1
629.79	582.5	17.598	17.598	0	1.4397	1.4397	0	0.081809	0.84875
650.37	582.97	6.8807	6.8807	0	3.7164	3.7164	0	0.54012	0.2986
418	583	7.6528	7.6528	0	1	1	0	0.13067	0.76886
479.86	584.95	10.877	10.877	0	0.71933	0.71933	0	0.066135	0.87593
116.5	586.71	19.039	19.039	0	0.40674	0.40674	0	0.021364	0.95817
668.61	588.77	13.499	13.499	0	0.18011	0.18011	0	0.013342	0.97367
700.5	585.21	4.6648	4.6648	0	2.2599	2.2599	0	0.48445	0.3473
777.9	586.3	12.443	12.443	0	0.25156	0.25156	0	0.020218	0.96037
825.5	584.5	10	10	0	9.9247	9.9247	0	0.99247	0.0037784
894.88	585.88	19.423	19.423	0	0.53669	0.53669	0	0.027631	0.94622
954.17	586.17	14.561	14.561	0	14.532	14.532	0	0.99801	0.00099839
97.5	585.5	19.039	19.039	0	0	0	0	0	1
384.5	585.5	7.6859	7.6859	0	3.8079	3.8079	0	0.49544	0.3374
646.32	588.53	6.8807	6.8807	0	3.2294	3.2294	0	0.46935	0.36115
968.68	587.32	7.7951	7.7951	0	0.31201	0.31201	0	0.040027	0.92303
372.33	588.67	12.03	12.03	0	0.32685	0.32685	0	0.027169	0.9471
392.5	587.5	6.9492	6.9492	0	0.5	0.5	0	0.071951	0.86576
703.6	588.7	4.6648	4.6648	0	2.6178	2.6178	0	0.56118	0.28108
542.73	592.35	21.041	21.041	0	0.37708	0.37708	0	0.017921	0.96479
689	589	8.9617	8.9617	0	0.23575	0.23575	0	0.026306	0.94874
876.07	590.71	19.423	19.423	0	0.41739	0.41739	0	0.021489	0.95793
312.39	591.92	24.768	24.768	0	0.10259	0.10259	0	0.004142	0.99175
387.67	592.5	6.9492	6.9492	0	0.3261	0.3261	0	0.046926	0.91035
601.7	590.9	15.38	15.38	0	1.6499	1.6499	0	0.10727	0.80624
254.17	591.83	17.093	17.093	0	17.108	17.108	0	1.0009	-0.00044694
812	591.5	5.5902	5.5902	0	0.39528	0.39528	0	0.070711	0.86792
564.36	594.17	14.219	14.219	0	0.21957	0.21957	0	0.015441	0.96959
681.25	593.5	8.9617	8.9617	0	6.7796	6.7796	0	0.7565	0.13863
193.5	593.75	11.654	11.654	0	0.55902	0.55902	0	0.047968	0.90845
787	594.79	12.443	12.443	0	0.58195	0.58195	0	0.046771	0.91064
817	594	5.5902	5.5902	0	5.1992	5.1992	0	0.93005	0.036241
970.45	594.91	7.7951	7.7951	0	0.54887	0.54887	0	0.070411	0.86844
150.83	594.83	30.765	30.765	0	4.9554	4.9554	0	0.16107	0.72254
847	596.21	22.272	22.272	0	0.36519	0.36519	0	0.016397	0.96774
747	596	11.375	11.375	0	0	0	0	0	1
464.17	596.83	7.5977	7.5977	0	3.6056	3.6056	0	0.47456	0.35634
644.5	598	9.6427	9.6427	0	0.53852	0.53852	0	0.055847	0.89421
735.83	598.17	11.375	11.375	0	11.375	11.375	0	1	0
479.38	599.62	14.679	14.679	0	0.71248	0.71248	0	0.048538	0.90742
374.5	600.5	12.03	12.03	0	0.8382	0.8382	0	0.069675	0.86973
763.38	601.38	17.235	17.235	0	0.17678	0.17678	0	0.010257	0.97969
351.12	603.12	13.053	13.053	0	0.63467	0.63467	0	0.048624	0.90726
463.59	604.41	7.5977	7.5977	0	0.15755	0.15755	0	0.020737	0.95937
575.5	603	14.219	14.219	0	1.8028	1.8028	0	0.12678	0.77496
636.35	605.23	5.8436	5.8436	0	0.012762	0.012762	0	0.002184	0.99564
692.5	602.5	13.766	13.766	0	12.083	12.083	0	0.87773	0.065115
105.5	603.5	17.263	17.263	0	1	1	0	0.057928	0.89049
198	604.5	11.654	11.654	0	0.98489	0.98489	0	0.084512	0.84415
290.5	603.5	7.5817	7.5817	0	1.118	1.118	0	0.14747	0.74297
1020	605	13.738	13.738	0	0.72887	0.72887	0	0.053054	0.89924
246.87	607.29	17.093	17.093	0	0.12482	0.12482	0	0.0073023	0.9855
420.59	607.59	18.743	18.743	0	0.10964	0.10964	0	0.0058499	0.98837
599.83	606.17	9.3607	9.3607	0	0.68722	0.68722	0	0.073416	0.86321
652.95	607.14	11.487	11.487	0	0.69176	0.69176	0	0.060221	0.8864
705.33	607.5	11.941	11.941	0	0.0366	0.0366	0	0.0030651	0.99389
917	607.31	17.261	17.261	0	0.1875	0.1875	0	0.010863	0.97851
88.5	606.5	16.808	16.808	0	0.5	0.5	0	0.029748	0.94222
608.28	610.2	7.7487	7.7487	0	0.11027	0.11027	0	0.014231	0.97194
641.5	608	5.8436	5.8436	0	3.9051	3.9051	0	0.66827	0.19885
947	608.5	4.717	4.717	0	0.87191	0.87191	0	0.18484	0.68799
289.79	611.05	7.5817	7.5817	0	0.28306	0.28306	0	0.037335	0.92802
616	609.5	7.7487	7.7487	0	0.70711	0.70711	0	0.091255	0.83275
1007.5	610.7	13.738	13.738	0	0.35897	0.35897	0	0.026129	0.94907
58	610	24.597	24.597	0	25.014	25.014	0	1.017	-0.0084205
124.1	610.3	8.6052	8.6052	0	0.44721	0.44721	0	0.05197	0.90119
627	610	10.499	10.499	0	0.68722	0.68722	0	0.065456	0.87713
520.5	610.5	10.791	10.791	0	11.355	11.355	0	1.0522	-0.025446
536.43	612.43	16.05	16.05	0	0.38768	0.38768	0	0.024154	0.95283
724.3	610.9	9.9725	9.9725	0	0.44721	0.44721	0	0.044845	0.91416
944.5	612.5	4.717	4.717	0	5.121	5.121	0	1.0856	-0.041066
357.5	614.5	12.748	12.748	0	0.2857	0.2857	0	0.022412	0.95616
510.4	614.3	10.791	10.791	0	0.6	0.6	0	0.055601	0.89466
448.95	616.6	19.052	19.052	0	0.46071	0.46071	0	0.024182	0.95278
715	614.5	9.9725	9.9725	0	2.5	2.5	0	0.25069	0.59912
611.25	618.6	8.9128	8.9128	0	0.93408	0.93408	0	0.1048	0.81028
968.15	618.15	17.617	17.617	0	0.51744	0.51744	0	0.029372	0.94293
129.5	617	8.6052	8.6052	0	0.5	0.5	0	0.058104	0.89017
318.19	619.34	14.737	14.737	0	0.69636	0.69636	0	0.047251	0.90976
635.5	617	10.817	10.817	0	3.2361	3.2361	0	0.29918	0.53944
741	617.5	6.5	6.5	0	5.9382	5.9382	0	0.91357	0.045169
747.5	617.5	6.5	6.5	0	1.2958	1.2958	0	0.19935	0.66757
928.82	619.89	9.6105	9.6105	0	3.065	3.065	0	0.31892	0.51639
202.73	620.8	16.973	16.973	0	0.13173	0.13173	0	0.0077612	0.9846
401.5	618.5	12.59	12.59	0	4	4	0	0.31772	0.51777
581.5	619	12.971	12.971	0	0.2857	0.2857	0	0.022026	0.9569
940.37	624.2	9.1187	9.1187	0	0.28656	0.28656	0	0.031425	0.93906
80	621	16.808	16.808	0	0.54399	0.54399	0	0.032365	0.9373
904.91	621.79	16.138	16.138	0	0.95456	0.95456	0	0.05915	0.88831
385.79	621.5	15.998	15.998	0	0.65154	0.65154	0	0.040726	0.92174
699.5	620.5	10.22	10.22	0	1.118	1.118	0	0.10939	0.80279
872.5	620.5	18.848	18.848	0	11.068	11.068	0	0.58723	0.26006
779.88	624.12	5.4335	5.4335	0	3.7148	3.7148	0	0.68368	0.18787
176.79	625.21	22.954	22.954	0	0.41592	0.41592	0	0.018119	0.96441
430.5	623.5	18.743	18.743	0	1.118	1.118	0	0.059652	0.88741
598.82	625.55	9.0964	9.0964	0	0.32015	0.32015	0	0.035195	0.932
622.58	626.33	13.72	13.72	0	0.18635	0.18635	0	0.013582	0.9732
774.68	625.68	5.4335	5.4335	0	2.0582	2.0582	0	0.3788	0.45054
360	627	5.7009	5.7009	0	0.39244	0.39244	0	0.068838	0.87119
328.5	629.87	14.737	14.737	0	0.43059	0.43059	0	0.029217	0.94322
700.6	630.66	10.22	10.22	0	0.71236	0.71236	0	0.0697	0.86968
740.91	629.38	4.3479	4.3479	0	0.42826	0.42826	0	0.0985	0.82066
786.39	629.28	6.9875	6.9875	0	0.41469	0.41469	0	0.059347	0.88795
811.77	633.47	22.555	22.555	0	3.5498	3.5498	0	0.15738	0.72804
256	629	16.079	16.079	0	1.8028	1.8028	0	0.11212	0.79837
488.5	628.5	23.265	23.265	0	1.8028	1.8028	0	0.077489	0.85617
531.65	630.27	8.3217	8.3217	0	0.74957	0.74957	0	0.090074	0.83474
403	631	12.59	12.59	0	0.36821	0.36821	0	0.029247	0.94317
928.5	629.5	9.6105	9.6105	0	8.5088	8.5088	0	0.88537	0.060801
364.5	630.5	5.7009	5.7009	0	5.5472	5.5472	0	0.97304	0.013666
575.5	630.5	12.971	12.971	0	13.106	13.106	0	1.0104	-0.0051618
918.5	630.5	10.05	10.05	0	13.717	13.717	0	1.3649	-0.1543
944.88	632.12	7.5891	7.5891	0	7.217	7.217	0	0.95096	0.025137
592.3	631.9	8.53	8.53	0	0.6	0.6	0	0.07034	0.86857
731.5	631.5	7.1589	7.1589	0	1.5811	1.5811	0	0.22086	0.63819
858.5	633.12	7.9674	7.9674	0	0.0477	0.0477	0	0.0059869	0.9881
544.82	635.58	6.3466	6.3466	0	0.20396	0.20396	0	0.032137	0.93773
738.5	633	4.3479	4.3479	0	4.0311	4.0311	0	0.92715	0.0378
389.34	637.76	15.241	15.241	0	1.1984	1.1984	0	0.078632	0.8542
454.68	635.32	8.819	8.819	0	0.3323	0.3323	0	0.03768	0.92738
610.5	633.5	14.049	14.049	0	13.892	13.892	0	0.98887	0.0055946
787.9	636.1	6.9875	6.9875	0	0.59559	0.59559	0	0.085236	0.84292
538.5	635	6.3466	6.3466	0	0.5	0.5	0	0.078783	0.85394
951.83	635.17	7.5891	7.5891	0	0.37266	0.37266	0	0.049105	0.90639
963	635	6.9007	6.9007	0	7.541	7.541	0	1.0928	-0.044338
446.34	638.18	8.819	8.819	0	0.65605	0.65605	0	0.07439	0.86152
240	637	17.889	17.889	0	6.6375	6.6375	0	0.37105	0.45874
587.41	638.89	8.53	8.53	0	0.26403	0.26403	0	0.030953	0.93995
757.5	636.5	6.2071	6.2071	0	6.4075	6.4075	0	1.0323	-0.015886
763.15	639.07	6.2071	6.2071	0	0.20117	0.20117	0	0.032411	0.93721
909.35	638.61	12.226	12.226	0	1.9979	1.9979	0	0.16341	0.71908
267.21	640.53	16.079	16.079	0	0.45417	0.45417	0	0.028246	0.94506
673.5	637.5	25.438	25.438	0	13.023	13.023	0	0.51195	0.32279
351.5	638.75	14.502	14.502	0	1.3463	1.3463	0	0.092834	0.8301
636.29	641	11.246	11.246	0	0.36769	0.36769	0	0.032696	0.93668
962.9	641.9	6.9007	6.9007	0	0.91114	0.91114	0	0.13204	0.76673
833.5	639.5	14.261	14.261	0	0.2	0.2	0	0.014024	0.97234
861.5	640.5	7.9674	7.9674	0	7.9232	7.9232	0	0.99446	0.0027796
508	641.5	10.454	10.454	0	10.627	10.627	0	1.0166	-0.0082428
541	641.5	6.9642	6.9642	0	1	1	0	0.14359	0.74888
698.34	642.97	12.517	12.517	0	0.29835	0.29835	0	0.023835	0.95344
739.79	643.43	10.508	10.508	0	1.8853	1.8853	0	0.17942	0.69575
196.5	644.3	12.788	12.788	0	0.54475	0.54475	0	0.042598	0.91829
647.25	643.5	11.246	11.246	0	2.4051	2.4051	0	0.21387	0.64762
184	647	12.788	12.788	0	0.3	0.3	0	0.023459	0.95416
423.5	645.5	23.087	23.087	0	0.47136	0.47136	0	0.020417	0.95998
559	645.5	11.402	11.402	0	1.8028	1.8028	0	0.15811	0.72695
845.65	646.96	14.261	14.261	0	0.3076	0.3076	0	0.021569	0.95777
573.09	648.38	6.8711	6.8711	0	0.22274	0.22274	0	0.032417	0.9372
1007.3	648	7.9605	7.9605	0	0.70445	0.70445	0	0.088493	0.8374
218	650.62	19.422	19.422	0	0.375	0.375	0	0.019308	0.96212
508.21	651.95	8.1643	8.1643	0	0.17449	0.17449	0	0.021373	0.95815
720.5	650	17.731	17.731	0	9.2195	9.2195	0	0.51996	0.31582
282.7	651.9	9.6219	9.6219	0	0.5	0.5	0	0.051965	0.9012
485	651.5	17.357	17.357	0	14.116	14.116	0	0.81327	0.10298
568	653	6.8711	6.8711	0	0.31944	0.31944	0	0.046491	0.91115
631.83	652.17	9.9107	9.9107	0	0.47136	0.47136	0	0.047561	0.9092
324.5	652.5	8.2541	8.2541	0	7.7793	7.7793	0	0.94247	0.029617
754.95	654.32	7.0929	7.0929	0	0.58881	0.58881	0	0.083015	0.8467
762	653.5	7.0929	7.0929	0	7.0225	7.0225	0	0.99007	0.0049873
868.5	653.88	15.096	15.096	0	0.46581	0.46581	0	0.030856	0.94013
331.42	657.01	7.3506	7.3506	0	1.6006	1.6006	0	0.21775	0.64238
953.5	654.7	11.959	11.959	0	0.89443	0.89443	0	0.074794	0.86082
355.66	656.34	13.91	13.91	0	0.1825	0.1825	0	0.01312	0.9741
552	654.5	11.402	11.402	0	9.6047	9.6047	0	0.84239	0.085548
1003.7	655.1	7.9605	7.9605	0	8.6649	8.6649	0	1.0885	-0.04237
200.75	659.55	15.831	15.831	0	0.34495	0.34495	0	0.02179	0.95735
622.5	655.5	9.9107	9.9107	0	9.4868	9.4868	0	0.95723	0.02185
302.57	659.03	18.342	18.342	0	0.14331	0.14331	0	0.0078134	0.98449
735.97	658.66	15.699	15.699	0	0.72599	0.72599	0	0.046244	0.9116
827	657.5	14.751	14.751	0	0.20033	0.20033	0	0.01358	0.9732
179	660	13.928	13.928	0	14.209	14.209	0	1.0201	-0.0099659
247.5	660.5	20.396	20.396	0	0.67589	0.67589	0	0.033138	0.93585
395.21	660.5	6.9289	6.9289	0	0.22479	0.22479	0	0.032442	0.93715
507.7	660.1	8.1643	8.1643	0	3.1628	3.1628	0	0.38739	0.44156
776.5	660.5	10.919	10.919	0	0.54391	0.54391	0	0.049813	0.9051
284.38	661.38	9.6219	9.6219	0	1.3728	1.3728	0	0.14267	0.75028
566.5	662	7.581	7.581	0	0.39528	0.39528	0	0.052141	0.90089
787.17	662.83	10.435	10.435	0	1.4161	1.4161	0	0.1357	0.76102
812.31	663.69	14.084	14.084	0	0.9758	0.9758	0	0.069283	0.87041
705	663	20.23	20.23	0	14.08	14.08	0	0.696	0.17924
959.26	665.18	11.959	11.959	0	0.5113	0.5113	0	0.042756	0.91799
332	664.33	6.7103	6.7103	0	5.1132	5.1132	0	0.76199	0.13508
496.5	664.5	9.9681	9.9681	0	1.118	1.118	0	0.11216	0.7983
618	666.5	8.3815	8.3815	0	0.5	0.5	0	0.059655	0.88741
325.5	666	6.7103	6.7103	0	9.2655	9.2655	0	1.3808	-0.15994
391	666	6.9289	6.9289	0	0.94868	0.94868	0	0.13692	0.75915
560.17	666.17	7.581	7.581	0	2.3392	2.3392	0	0.30857	0.52839
796.5	667.5	10.435	10.435	0	0.84981	0.84981	0	0.081439	0.84939
460	667.5	8.5	8.5	0	0.96459	0.96459	0	0.11348	0.79617
488.3	670.17	9.9681	9.9681	0	0.18255	0.18255	0	0.018314	0.96403
650.38	668.75	15.477	15.477	0	0.29242	0.29242	0	0.018894	0.96291
683.5	666.5	21.783	21.783	0	3.4553	3.4553	0	0.15862	0.72619
353.78	670.12	5.7874	5.7874	0	0.056067	0.056067	0	0.0096878	0.98081
995.5	669	12.969	12.969	0	12.971	12.971	0	1.0001	-6.9661e-05
823.76	671.89	11.891	11.891	0	0.38079	0.38079	0	0.032024	0.93794
941.17	669.83	10.339	10.339	0	9.4104	9.4104	0	0.91021	0.047005
281.41	673.28	5.9259	5.9259	0	0.39014	0.39014	0	0.065838	0.87646
467.5	671.5	8.5	8.5	0	1.5	1.5	0	0.17647	0.7
854.34	674.66	14.216	14.216	0	0.34238	0.34238	0	0.024083	0.95297
1007.1	674.75	12.969	12.969	0	0.27951	0.27951	0	0.021552	0.95781
549.5	675	10.623	10.623	0	1.0419	1.0419	0	0.098075	0.82137
766	673.5	6.7433	6.7433	0	7.6281	7.6281	0	1.1312	-0.061569
356.79	675.07	5.7874	5.7874	0	0.63884	0.63884	0	0.11039	0.80118
615.5	674.5	8.3815	8.3815	0	6.6544	6.6544	0	0.79394	0.11487
875.89	677.79	18.732	18.732	0	0.51088	0.51088	0	0.027273	0.9469
317.89	678.36	14.516	14.516	0	0.021761	0.021761	0	0.0014991	0.99701
801.7	676.9	10.742	10.742	0	0.69588	0.69588	0	0.064779	0.87832
414.5	676.5	20.913	20.913	0	1	1	0	0.047818	0.90873
112	678	15.305	15.305	0	0.31623	0.31623	0	0.020661	0.95951
749	678.79	7.044	7.044	0	0.72929	0.72929	0	0.10353	0.81236
760.83	677.83	6.7433	6.7433	0	1.009	1.009	0	0.14964	0.73968
283.3	678.9	5.5489	5.5489	0	5.4722	5.4722	0	0.98617	0.0069648
494.39	680.17	11.7	11.7	0	0.98007	0.98007	0	0.08377	0.84541
520.5	680.5	6.0828	6.0828	0	1.1667	1.1667	0	0.1918	0.67813
974.5	679	7.0711	7.0711	0	16.261	16.261	0	2.2996	-0.39386
937.5	679.5	10.339	10.339	0	1	1	0	0.096723	0.82361
251.5	680.5	15.628	15.628	0	1.118	1.118	0	0.071538	0.86648
527.9	681.9	7.5313	7.5313	0	0.5099	0.5099	0	0.067705	0.87318
598.38	681.38	14.036	14.036	0	0.55615	0.55615	0	0.039624	0.92377
236	682.5	11.21	11.21	0	0.22361	0.22361	0	0.019948	0.96088
284.38	684.34	5.5489	5.5489	0	0.23281	0.23281	0	0.041955	0.91947
742.5	681.5	7.044	7.044	0	6.9415	6.9415	0	0.98545	0.007329
817.5	682	11.891	11.891	0	9.1241	9.1241	0	0.76735	0.13164
553.6	684.8	9.328	9.328	0	0.31623	0.31623	0	0.033901	0.93442
645.1	683.3	15.477	15.477	0	0.31623	0.31623	0	0.020433	0.95995
278	684	6.3843	6.3843	0	0.54399	0.54399	0	0.085208	0.84296
896.1	685.57	14.097	14.097	0	0.31827	0.31827	0	0.022577	0.95584
973.5	686	7.0711	7.0711	0	10.989	10.989	0	1.5541	-0.21694
124	687.5	15.305	15.305	0	0.5	0.5	0	0.032669	0.93673
479.5	687	9.2392	9.2392	0	0.31944	0.31944	0	0.034575	0.93316
521.5	686.5	6.0828	6.0828	0	6.3792	6.3792	0	1.0487	-0.02379
611.74	689.5	5.7778	5.7778	0	0.23117	0.23117	0	0.04001	0.92306
747.73	688.99	9.1309	9.1309	0	0.28677	0.28677	0	0.031407	0.9391
860	687.7	10.153	10.153	0	0.38243	0.38243	0	0.037665	0.9274
397.61	688.83	8.7709	8.7709	0	0.46399	0.46399	0	0.052901	0.89951
144.79	690	20.936	20.936	0	0.55615	0.55615	0	0.026565	0.94825
431.7	689.1	21.321	21.321	0	0.51744	0.51744	0	0.024269	0.95261
488.12	690.31	9.2392	9.2392	0	0.58371	0.58371	0	0.063178	0.88115
389	690.5	8.7709	8.7709	0	1.118	1.118	0	0.12747	0.77388
617.5	690	5.7778	5.7778	0	5.8153	5.8153	0	1.0065	-0.003237
697.17	690.17	6.3092	6.3092	0	10.808	10.808	0	1.713	-0.26281
516.5	690.5	6.4031	6.4031	0	10.394	10.394	0	1.6232	-0.23758
550.24	693.5	9.328	9.328	0	0.33659	0.33659	0	0.036084	0.93034
590.39	692.92	14.036	14.036	0	0.23741	0.23741	0	0.016915	0.96673
691	691.5	6.3092	6.3092	0	9.4868	9.4868	0	1.5037	-0.20117
983.7	692.5	10.159	10.159	0	0.34821	0.34821	0	0.034275	0.93372
226.44	693.81	10.939	10.939	0	0.29482	0.29482	0	0.026951	0.94751
237.38	693.62	10.939	10.939	0	1.2374	1.2374	0	0.11312	0.79675
258.72	695.72	16.841	16.841	0	0.87173	0.87173	0	0.051763	0.90157
934.5	692.5	8.8769	8.8769	0	8.8255	8.8255	0	0.99421	0.0029052
354.5	694	14.337	14.337	0	13.124	13.124	0	0.91543	0.044151
715.65	697.12	13.023	13.023	0	0.51608	0.51608	0	0.03963	0.92376
853.5	695.5	10.153	10.153	0	9.9765	9.9765	0	0.98259	0.0087825
969.5	696	7.8272	7.8272	0	1.0227	1.0227	0	0.13066	0.76888
509	696.5	9.6047	9.6047	0	19.047	19.047	0	1.9831	-0.32955
740.82	698.74	11.953	11.953	0	0.92897	0.92897	0	0.077719	0.85577
903.33	697.67	13.493	13.493	0	1.3743	1.3743	0	0.10186	0.81512
290	699	6.265	6.265	0	0.5	0.5	0	0.079809	0.85218
653.41	699.77	9.3475	9.3475	0	0.55714	0.55714	0	0.059602	0.8875
693.98	700.65	9.626	9.626	0	0.15226	0.15226	0	0.015818	0.96886
976.44	699.61	7.8272	7.8272	0	0.3105	0.3105	0	0.03967	0.92369
465	700.5	15.648	15.648	0	0.57587	0.57587	0	0.036802	0.92901
778.5	699.5	6.9642	6.9642	0	6.4539	6.4539	0	0.92673	0.038028
638.05	702.32	6.548	6.548	0	0.63152	0.63152	0	0.096445	0.82408
644.82	703.46	6.8721	6.8721	0	0.25594	0.25594	0	0.037243	0.92819
772	702	6.9642	6.9642	0	0.9313	0.9313	0	0.13373	0.76409
882.5	700.5	20.198	20.198	0	19.975	19.975	0	0.98894	0.0055609
936.7	701.1	8.5168	8.5168	0	0.53745	0.53745	0	0.063105	0.88128
295.5	702	6.265	6.265	0	6.0415	6.0415	0	0.96433	0.018158
283	702.5	7	7	0	0.68722	0.68722	0	0.098175	0.8212
364.88	703.88	14.337	14.337	0	0.49254	0.49254	0	0.034355	0.93357
631.5	702.5	6.548	6.548	0	6.0208	6.0208	0	0.91948	0.041947
704.38	703.62	10.807	10.807	0	0.61109	0.61109	0	0.056544	0.89296
97.1	705.3	31.101	31.101	0	0.44721	0.44721	0	0.014379	0.97165
450.58	706.58	9.7046	9.7046	0	0.25532	0.25532	0	0.02631	0.94873
729.25	706.5	10.92	10.92	0	0.25	0.25	0	0.022893	0.95524
826.64	709.5	7.098	7.098	0	0.15936	0.15936	0	0.022451	0.95608
780.14	710.71	11.334	11.334	0	0.31595	0.31595	0	0.027876	0.94576
936.39	709.61	8.5168	8.5168	0	0.57369	0.57369	0	0.06736	0.87378
235.67	711.22	17.68	17.68	0	0.29281	0.29281	0	0.016562	0.96742
283	709.5	7	7	0	7.6685	7.6685	0	1.0955	-0.045575
301.9	711.63	7.8049	7.8049	0	0.25118	0.25118	0	0.032182	0.93764
441.5	710	9.7046	9.7046	0	2.0616	2.0616	0	0.21243	0.64958
385.5	710.5	17.427	17.427	0	1	1	0	0.057383	0.89146
692.4	716.25	8.8094	8.8094	0	2.7413	2.7413	0	0.31118	0.52534
907.5	710.5	13.493	13.493	0	12.349	12.349	0	0.91524	0.044257
1022.2	712.21	12.611	12.611	0	0.35901	0.35901	0	0.028467	0.94464
309.38	713.85	7.8049	7.8049	0	0.53011	0.53011	0	0.067921	0.8728
491.82	715.74	13.246	13.246	0	0.86613	0.86613	0	0.065389	0.87725
565.5	716.5	20.555	20.555	0	0.25	0.25	0	0.012163	0.97597
832.5	713.5	7.098	7.098	0	6.9923	6.9923	0	0.9851	0.0075046
849.9	714.7	6.0828	6.0828	0	0.62921	0.62921	0	0.10344	0.81251
431	715.5	11.853	11.853	0	1.0588	1.0588	0	0.089325	0.836
604.88	715.88	7.6251	7.6251	0	0.40837	0.40837	0	0.053556	0.89833
723.37	715.7	10.92	10.92	0	0.11705	0.11705	0	0.010719	0.97879
535.5	716.5	27.315	27.315	0	0.34355	0.34355	0	0.012577	0.97516
612.5	715.5	7.6251	7.6251	0	7.8023	7.8023	0	1.0232	-0.011483
765.38	718.17	16.542	16.542	0	0.73661	0.73661	0	0.044531	0.91474
927.6	718.05	12.186	12.186	0	0.25321	0.25321	0	0.020779	0.95929
956	716	20.626	20.626	0	0.5	0.5	0	0.024242	0.95266
866.82	720.29	11.452	11.452	0	0.49251	0.49251	0	0.043006	0.91753
1002.8	717.17	13.098	13.098	0	0.47136	0.47136	0	0.035987	0.93053
844.5	717.5	6.0828	6.0828	0	5.983	5.983	0	0.98359	0.0082715
479.28	720	9.1269	9.1269	0	0.31749	0.31749	0	0.034786	0.93277
412.79	719.93	18.745	18.745	0	0.38217	0.38217	0	0.020388	0.96004
373.69	723.31	12.265	12.265	0	0.10448	0.10448	0	0.0085187	0.98311
686.5	722.79	6.0813	6.0813	0	2.9922	2.9922	0	0.49202	0.34046
878	723	11.503	11.503	0	0.14379	0.14379	0	0.0125	0.97531
138.33	724.5	29.823	29.823	0	0.26036	0.26036	0	0.0087303	0.98269
470.5	722.5	9.1269	9.1269	0	2	2	0	0.21913	0.64051
697.33	723.67	8.907	8.907	0	1.1785	1.1785	0	0.13231	0.76631
847.75	724.75	7.9451	7.9451	0	1.0607	1.0607	0	0.1335	0.76445
1020	724.62	12.611	12.611	0	0.28051	0.28051	0	0.022242	0.95648
735.21	724.5	12.292	12.292	0	0.20482	0.20482	0	0.016662	0.96722
168.14	725.59	29.823	29.823	0	0.036416	0.036416	0	0.0012211	0.99756
615.5	725.5	10.44	10.44	0	10.966	10.966	0	1.0503	-0.024551
675.72	726.41	8.1404	8.1404	0	0.90096	0.90096	0	0.11068	0.8007
587.5	726	7.1841	7.1841	0	1.3	1.3	0	0.18095	0.69355
890	725.5	7.2007	7.2007	0	11.1	11.1	0	1.5415	-0.21307
723.73	728.88	7.2305	7.2305	0	0.66127	0.66127	0	0.091455	0.83242
204.5	727.5	7.1589	7.1589	0	0.5	0.5	0	0.069843	0.86943
683.67	728.17	6.0813	6.0813	0	1.0015	1.0015	0	0.16469	0.7172
211.5	729	7.1589	7.1589	0	0.89748	0.89748	0	0.12537	0.7772
239.61	730.56	19.732	19.732	0	0.54567	0.54567	0	0.027655	0.94618
581	730	6.7844	6.7844	0	0.57855	0.57855	0	0.085277	0.84285
830.38	730.62	5.998	5.998	0	0.72887	0.72887	0	0.12152	0.7833
1006.2	729.83	13.098	13.098	0	0.68722	0.68722	0	0.052468	0.90029
382.67	731.67	7.1686	7.1686	0	0.81189	0.81189	0	0.11326	0.79653
466.9	731.7	9.8793	9.8793	0	0.96976	0.96976	0	0.098161	0.82123
281.5	731.5	11.068	11.068	0	0	0	0	0	1
717.79	733	7.2305	7.2305	0	0.30124	0.30124	0	0.041663	0.92001
864.5	731.5	11.452	11.452	0	11.904	11.904	0	1.0395	-0.019352
889.9	732.7	7.0142	7.0142	0	6.9709	6.9709	0	0.99383	0.0030969
896.78	734.09	7.0142	7.0142	0	0.30876	0.30876	0	0.044018	0.91568
361	733	15.963	15.963	0	0.31623	0.31623	0	0.01981	0.96115
587	733.17	6.7844	6.7844	0	0.39625	0.39625	0	0.058406	0.88963
292	735	11.068	11.068	0	0.2143	0.2143	0	0.019362	0.96201
833.65	735.65	5.998	5.998	0	1.6378	1.6378	0	0.27306	0.57101
262.68	735.97	13.416	13.416	0	0.43408	0.43408	0	0.032355	0.93732
608.17	734.83	7.8031	7.8031	0	1.3437	1.3437	0	0.1722	0.7062
661.55	736.74	7.8755	7.8755	0	0.4726	0.4726	0	0.06001	0.88678
823.7	738.5	10.32	10.32	0	0.55422	0.55422	0	0.053701	0.89807
378.23	737.3	7.1686	7.1686	0	0.87202	0.87202	0	0.12164	0.7831
623.98	738.48	7.2412	7.2412	0	1.2629	1.2629	0	0.1744	0.70299
883.1	737.1	8.0994	8.0994	0	0.41601	0.41601	0	0.051363	0.90229
478.75	738.42	13.621	13.621	0	0.14874	0.14874	0	0.01092	0.9784
744	736.5	14.872	14.872	0	0.7	0.7	0	0.047067	0.9101
615.5	737.5	7.8031	7.8031	0	7.5724	7.5724	0	0.97043	0.015008
923.5	737.5	9.0676	9.0676	0	12.619	12.619	0	1.3917	-0.16378
773.5	739.5	16.007	16.007	0	1.8922	1.8922	0	0.11821	0.78857
909	739	7.1063	7.1063	0	0.54399	0.54399	0	0.07655	0.85779
442.7	740.8	15.433	15.433	0	0.63951	0.63951	0	0.041438	0.92042
871.76	743.28	12.915	12.915	0	0.24582	0.24582	0	0.019034	0.96264
628	744.5	7.2412	7.2412	0	1	1	0	0.1381	0.75732
658.5	744	7.8755	7.8755	0	7.2111	7.2111	0	0.91564	0.044037
913.5	744.5	4.6786	4.6786	0	0.5	0.5	0	0.10687	0.8069
280.62	745.38	13.221	13.221	0	0.10965	0.10965	0	0.0082935	0.98355
918.17	744.83	4.6786	4.6786	0	5.1774	5.1774	0	1.1066	-0.050614
323	745.5	18.211	18.211	0	0.5	0.5	0	0.027456	0.94655
382.2	746.8	10.295	10.295	0	0.32882	0.32882	0	0.03194	0.9381
596.17	746.83	16.456	16.456	0	16.06	16.06	0	0.97593	0.012184
261.08	749.29	10.662	10.662	0	2.1555	2.1555	0	0.20216	0.66367
495.09	750.03	10.457	10.457	0	0.52035	0.52035	0	0.049762	0.90519
612.45	749.75	12.624	12.624	0	0.42544	0.42544	0	0.033701	0.9348
426.66	750.18	12.558	12.558	0	0.24262	0.24262	0	0.019319	0.96209
814.41	750.14	14.893	14.893	0	0.17466	0.17466	0	0.011728	0.97682
894.5	749	15.086	15.086	0	14.785	14.785	0	0.97999	0.010104
926.79	751.5	10.896	10.896	0	0.57587	0.57587	0	0.052849	0.89961
270.63	754.03	9.4217	9.4217	0	0.33733	0.33733	0	0.035803	0.93087
758.25	754.17	21.158	21.158	0	0.40113	0.40113	0	0.018959	0.96279
781.83	753.17	16.007	16.007	0	0.23561	0.23561	0	0.014719	0.97099
443.65	756.2	14.513	14.513	0	0.22007	0.22007	0	0.015164	0.97013
504	755.5	8.6199	8.6199	0	0.56886	0.56886	0	0.065994	0.87618
515.79	754.5	11.828	11.828	0	0.65563	0.65563	0	0.05543	0.89496
801.2	757.26	15.004	15.004	0	0.084547	0.084547	0	0.0056351	0.98879
852.69	756	12.795	12.795	0	0.33768	0.33768	0	0.026391	0.94858
381.57	757.29	3.993	3.993	0	0.78612	0.78612	0	0.19687	0.67102
336.1	758.15	18.211	18.211	0	0.57124	0.57124	0	0.031368	0.93917
708.91	759.71	14.835	14.835	0	0.6789	0.6789	0	0.045762	0.91248
723.5	757	8.9443	8.9443	0	0	0	0	0	1
385.5	758	3.993	3.993	0	3.2961	3.2961	0	0.82547	0.095606
981	758.5	27.518	27.518	0	0.16391	0.16391	0	0.0059566	0.98816
497.4	761.05	6.4267	6.4267	0	1.124	1.124	0	0.17489	0.70228
361.9	760.7	11.643	11.643	0	0.85057	0.85057	0	0.073056	0.86384
1008.5	759.5	27.518	27.518	0	0	0	0	0	1
430.42	762.17	6.4785	6.4785	0	4.0174	4.0174	0	0.62012	0.23448
266.5	762.5	9.4217	9.4217	0	9.2983	9.2983	0	0.9869	0.0065921
883.83	763.17	17.733	17.733	0	0.6666	0.6666	0	0.03759	0.92754
475.17	763.83	22.41	22.41	0	0.3334	0.3334	0	0.014877	0.97068
545.35	767.89	13.368	13.368	0	0.66537	0.66537	0	0.049775	0.90517
727.5	765	8.9443	8.9443	0	0.5	0.5	0	0.055902	0.89412
916.5	766	17.778	17.778	0	0.5	0.5	0	0.028125	0.94529
501.5	766	6.4267	6.4267	0	5.3759	5.3759	0	0.83649	0.089032
558.5	765.5	13.368	13.368	0	9.9247	9.9247	0	0.74245	0.14781
433.43	767.9	6.4785	6.4785	0	2.4618	2.4618	0	0.37999	0.44928
607	768.21	17.648	17.648	0	0.50226	0.50226	0	0.02846	0.94466
624.64	767.79	17.648	17.648	0	1.0441	1.0441	0	0.059165	0.88828
860	766.5	12.795	12.795	0	11.413	11.413	0	0.89194	0.057117
421.5	769.5	11.545	11.545	0	5.8983	5.8983	0	0.5109	0.32371
356.17	770.83	7.3787	7.3787	0	0.47136	0.47136	0	0.063881	0.87991
830.5	773.3	25.474	25.474	0	0.14577	0.14577	0	0.0057225	0.98862
349.17	773.17	7.3787	7.3787	0	0.84981	0.84981	0	0.11517	0.79345
739.27	774.77	15.292	15.292	0	0.52883	0.52883	0	0.034582	0.93315
322.33	775.22	21.931	21.931	0	0.73702	0.73702	0	0.033606	0.93497
581.17	775.83	16.079	16.079	0	8.1326	8.1326	0	0.50578	0.32822
686	777	28.707	28.707	0	0.57546	0.57546	0	0.020046	0.9607
500.01	784.1	9.7325	9.7325	0	0.55705	0.55705	0	0.057236	0.89173
760.5	781.5	21.792	21.792	0	3.1623	3.1623	0	0.14511	0.74655
791.7	782.1	9.6896	9.6896	0	1.7088	1.7088	0	0.17635	0.70017
936.86	782.59	26.267	26.267	0	0	0	0	0	1
349	782.5	4.2426	4.2426	0	2.688	2.688	0	0.63357	0.22431
527.12	784.88	7.0716	7.0716	0	1.3304	1.3304	0	0.18814	0.68331
782.17	783.83	9.6896	9.6896	0	8.9343	8.9343	0	0.92205	0.040555
346	785.5	4.2426	4.2426	0	2.1842	2.1842	0	0.51482	0.32029
534	786.5	7.0716	7.0716	0	0.39528	0.39528	0	0.055898	0.89412
399.85	787.97	8.7275	8.7275	0	0.26643	0.26643	0	0.030528	0.94075
575.5	790.88	11.87	11.87	0	0.7929	0.7929	0	0.066798	0.87477
811.45	790.21	9.3063	9.3063	0	0.13463	0.13463	0	0.014467	0.97148
276.34	792.29	11.373	11.373	0	0.34322	0.34322	0	0.03018	0.94141
391.5	790.5	8.7275	8.7275	0	6.6708	6.6708	0	0.76435	0.13356
637	791.5	12.603	12.603	0	0.92125	0.92125	0	0.073095	0.86377
802.17	790.83	9.3063	9.3063	0	0.52703	0.52703	0	0.056631	0.89281
290.5	791.5	3.3747	3.3747	0	1.7678	1.7678	0	0.52383	0.31248
498.75	793.75	9.7325	9.7325	0	0.75034	0.75034	0	0.077097	0.85684
264.17	793.17	9.1294	9.1294	0	0.58037	0.58037	0	0.063571	0.88046
287.67	793.33	3.3747	3.3747	0	2.5846	2.5846	0	0.76589	0.13257
293.5	793.5	3.6056	3.6056	0	3.2596	3.2596	0	0.90405	0.050392
625.09	795.62	10.945	10.945	0	0.33571	0.33571	0	0.030672	0.94048
297.9	798.58	6.7206	6.7206	0	0.64452	0.64452	0	0.095902	0.82498
364	796.5	6	6	0	6.8007	6.8007	0	1.1335	-0.062554
432.12	797.88	18.716	18.716	0	1.0824	1.0824	0	0.057831	0.89066
522	799	8.9925	8.9925	0	1.4337	1.4337	0	0.15944	0.72498
358.08	799.75	6.5246	6.5246	0	0.85799	0.85799	0	0.1315	0.76756
1009.7	798.9	39.418	39.418	0	0.67082	0.67082	0	0.017018	0.96653
568.38	800.38	8.6331	8.6331	0	0.5433	0.5433	0	0.062932	0.88159
263.25	802.25	9.1294	9.1294	0	0.4562	0.4562	0	0.04997	0.90482
322.42	802.7	9.0549	9.0549	0	0.70994	0.70994	0	0.078404	0.85459
609.5	801.5	5.3852	5.3852	0	8.9221	8.9221	0	1.6568	-0.24721
632.68	803.5	10.945	10.945	0	0.14683	0.14683	0	0.013415	0.97352
792.71	805.76	17.673	17.673	0	1.6808	1.6808	0	0.095108	0.8263
364	802.5	6	6	0	1.1785	1.1785	0	0.19642	0.67165
404.75	805.25	17.681	17.681	0	0.43504	0.43504	0	0.024605	0.95197
330.75	806.25	9.0549	9.0549	0	0.35355	0.35355	0	0.039045	0.92484
520.64	807.89	6.1962	6.1962	0	1.7037	1.7037	0	0.27496	0.56867
608.1	806.7	5.3852	5.3852	0	5.8617	5.8617	0	1.0885	-0.042367
711.62	807.31	13.84	13.84	0	0.62521	0.62521	0	0.045174	0.91356
350.5	807.5	10.843	10.843	0	0.5	0.5	0	0.046113	0.91184
307.25	808.5	11.071	11.071	0	0.49842	0.49842	0	0.045021	0.91384
550	808	13.509	13.509	0	0.94868	0.94868	0	0.070225	0.86877
563.5	807.5	8.6331	8.6331	0	9.1078	9.1078	0	1.055	-0.026755
376.8	809.8	14.735	14.735	0	0.20051	0.20051	0	0.013607	0.97315
594.7	810.5	13.41	13.41	0	0.52005	0.52005	0	0.038779	0.92534
614.5	813.88	7.0278	7.0278	0	3.4794	3.4794	0	0.49509	0.33771
665.5	810	25.22	25.22	0	0.54399	0.54399	0	0.02157	0.95777
506.17	811.61	10.371	10.371	0	0.50675	0.50675	0	0.04886	0.90683
527.07	811.64	7.4478	7.4478	0	4.3544	4.3544	0	0.58466	0.2621
699	813	13.84	13.84	0	0.6832	0.6832	0	0.049364	0.90592
293.5	811.5	11.402	11.402	0	11.715	11.715	0	1.0275	-0.013567
486.35	813.04	9.3171	9.3171	0	0.45042	0.45042	0	0.048343	0.90777
516.5	812.5	6.1962	6.1962	0	5.5902	5.5902	0	0.9022	0.051417
272.91	817.24	17.832	17.832	0	0.51814	0.51814	0	0.029056	0.94353
423.5	814.5	17.872	17.872	0	0.44721	0.44721	0	0.025023	0.95117
607.5	814.5	7.0278	7.0278	0	7.4806	7.4806	0	1.0644	-0.031207
392.5	818	17.681	17.681	0	0.41908	0.41908	0	0.023702	0.95369
478.17	817.5	9.3171	9.3171	0	0.51746	0.51746	0	0.055539	0.89477
623	816	6.5765	6.5765	0	3.9407	3.9407	0	0.59921	0.25061
442.5	817.79	7.1989	7.1989	0	0.5143	0.5143	0	0.071441	0.86664
734.5	818	16.19	16.19	0	0.2857	0.2857	0	0.017646	0.96532
302.5	818.5	11.071	11.071	0	0.5	0.5	0	0.045164	0.91358
866.5	818.5	7.1589	7.1589	0	0.63246	0.63246	0	0.088345	0.83765
580.91	822.05	17.986	17.986	0	0.9422	0.9422	0	0.052385	0.90045
750.25	821.75	16.19	16.19	0	0.21096	0.21096	0	0.01303	0.97427
622	822.5	6.5765	6.5765	0	2.9953	2.9953	0	0.45546	0.37414
438.7	823.9	7.1989	7.1989	0	0.60652	0.60652	0	0.084252	0.84459
529.12	825.12	13.627	13.627	0	0.61829	0.61829	0	0.045374	0.91319
868	825.5	7.1589	7.1589	0	0.37266	0.37266	0	0.052056	0.90104
249	828	25.656	25.656	0	0.88388	0.88388	0	0.034451	0.93339
559.5	828.5	16.25	16.25	0	16.412	16.412	0	1.01	-0.0049799
297.5	831.3	6.8622	6.8622	0	0.14577	0.14577	0	0.021243	0.9584
469.5	829.5	12.62	12.62	0	1.8028	1.8028	0	0.14285	0.75001
634.5	830	14.577	14.577	0	14.589	14.589	0	1.0008	-0.00039968
481.62	833	12.62	12.62	0	0.325	0.325	0	0.025753	0.94979
291	833.5	6.8622	6.8622	0	0.5	0.5	0	0.072863	0.86417
802.86	833.95	29.964	29.964	0	0.55294	0.55294	0	0.018454	0.96376
670.68	834.68	25.22	25.22	0	0.455	0.455	0	0.018041	0.96456
429.5	834.5	14.036	14.036	0	1	1	0	0.071247	0.86698
455.32	838.32	6.4436	6.4436	0	0.37345	0.37345	0	0.057956	0.89044
392.5	837	11.543	11.543	0	1.2042	1.2042	0	0.10432	0.81108
516.61	838.61	18.398	18.398	0	0.29305	0.29305	0	0.015928	0.96864
568.89	841.76	8.7401	8.7401	0	0.24603	0.24603	0	0.02815	0.94524
306.32	845.32	12.722	12.722	0	0.58805	0.58805	0	0.046221	0.91164
771	844	30.424	30.424	0	0.23575	0.23575	0	0.0077488	0.98462
414.5	845.5	11.384	11.384	0	0.70711	0.70711	0	0.062113	0.88304
453.5	844.5	6.4436	6.4436	0	6.1514	6.1514	0	0.95464	0.023206
332.5	847.12	17.829	17.829	0	0.375	0.375	0	0.021033	0.9588
352.5	846.7	20.005	20.005	0	0.37962	0.37962	0	0.018976	0.96275
555.64	847.07	12.842	12.842	0	0.55787	0.55787	0	0.043441	0.91674
739.68	846.68	27.079	27.079	0	0.60978	0.60978	0	0.022518	0.95596
701.69	852.15	7.0921	7.0921	0	1.9134	1.9134	0	0.26979	0.57507
294	848.5	12.722	12.722	0	0.53852	0.53852	0	0.042328	0.91878
425.29	849.14	9.2627	9.2627	0	0.42215	0.42215	0	0.045575	0.91282
569.03	850.5	8.7401	8.7401	0	0.25942	0.25942	0	0.029681	0.94235
263	849.5	25.656	25.656	0	0.20033	0.20033	0	0.0078082	0.9845
391.5	848.5	11.543	11.543	0	2.5495	2.5495	0	0.22086	0.63819
464.62	851.62	11.626	11.626	0	0.28504	0.28504	0	0.024518	0.95214
408.5	856.1	12.18	12.18	0	1.5067	1.5067	0	0.1237	0.77984
432.25	855.25	9.2627	9.2627	0	0.35355	0.35355	0	0.038169	0.92647
450.9	854.3	6.0488	6.0488	0	0.78612	0.78612	0	0.12996	0.76997
578.5	853.5	9.9374	9.9374	0	9.8697	9.8697	0	0.99319	0.0034174
695	854.5	7.0921	7.0921	0	0.5	0.5	0	0.070501	0.86828
499.61	856.61	4.6034	4.6034	0	1.1577	1.1577	0	0.25148	0.59811
561.5	858.5	10.984	10.984	0	0.2917	0.2917	0	0.026557	0.94826
474	858.5	11.626	11.626	0	0.5	0.5	0	0.043008	0.91753
451.33	860.33	6.0488	6.0488	0	1.5092	1.5092	0	0.24951	0.60063
445.5	862	6.0667	6.0667	0	3.2016	3.2016	0	0.52772	0.30914
501	861	4.6034	4.6034	0	3.4459	3.4459	0	0.74855	0.14381
695.46	863.1	8.6123	8.6123	0	0.1077	0.1077	0	0.012506	0.9753
527.14	863.43	19.516	19.516	0	0.589	0.589	0	0.03018	0.94141
328.5	864.5	14.637	14.637	0	14.993	14.993	0	1.0243	-0.011995
626.75	866.5	13.12	13.12	0	0.44881	0.44881	0	0.034208	0.93385
650.73	868.27	8.1712	8.1712	0	0.43856	0.43856	0	0.053671	0.89813
343	866.5	14.637	14.637	0	0.39528	0.39528	0	0.027005	0.94741
428	866.5	12.026	12.026	0	0.57587	0.57587	0	0.047885	0.90861
447.35	869.35	7.5774	7.5774	0	1.6337	1.6337	0	0.21561	0.64527
376.5	868	15.628	15.628	0	0.5	0.5	0	0.031993	0.938
392	870	15.628	15.628	0	2.0616	2.0616	0	0.13191	0.76693
358	872.5	16.155	16.155	0	0	0	0	0	1
644.71	873.79	8.1712	8.1712	0	0.36061	0.36061	0	0.044132	0.91547
699.17	871.83	9.4874	9.4874	0	9.5641	9.5641	0	1.0081	-0.0040273
634.39	877.17	10.857	10.857	0	1.1111	1.1111	0	0.10234	0.81432
549.36	879.79	19.078	19.078	0	0.30432	0.30432	0	0.015952	0.9686
456.5	880.25	14.234	14.234	0	0.34355	0.34355	0	0.024137	0.95286
607.33	882.67	22.899	22.899	0	0.18312	0.18312	0	0.007997	0.98413
523	882.5	4.2426	4.2426	0	0.52002	0.52002	0	0.12257	0.78163
311.37	885.03	21.483	21.483	0	0.2108	0.2108	0	0.0098121	0.98057
387.95	885.14	15.668	15.668	0	0.14998	0.14998	0	0.0095728	0.98104
526	885.5	4.2426	4.2426	0	4.5181	4.5181	0	1.0649	-0.03144
531.5	886.5	5.5902	5.5902	0	1.8028	1.8028	0	0.32249	0.5123
488.17	890.17	31.865	31.865	0	1.075	1.075	0	0.033736	0.93473
355.12	894.12	21.807	21.807	0	0.53882	0.53882	0	0.024709	0.95177
440	892.5	5.4328	5.4328	0	1.118	1.118	0	0.20579	0.65866
449.5	893	9.5131	9.5131	0	10.012	10.012	0	1.0525	-0.025574
292.55	895.4	9.7852	9.7852	0	0.1118	0.1118	0	0.011426	0.97741
656.23	898.17	7.3177	7.3177	0	0.40684	0.40684	0	0.055597	0.89466
709	897	17.066	17.066	0	0.5	0.5	0	0.029298	0.94307
440.21	897.93	5.4328	5.4328	0	0.29449	0.29449	0	0.054205	0.89716
588.17	898.17	14.684	14.684	0	0.23575	0.23575	0	0.016055	0.9684
692	898.5	17.066	17.066	0	0.31623	0.31623	0	0.01853	0.96361
526.83	898.83	13.187	13.187	0	0.33668	0.33668	0	0.025532	0.95021
639.5	898.5	11.068	11.068	0	1.118	1.118	0	0.10102	0.81651
422.7	901.3	17.836	17.836	0	0.15775	0.15775	0	0.0088445	0.98247
650	902	7.3177	7.3177	0	0.60091	0.60091	0	0.082117	0.84823
573	902.3	8.6102	8.6102	0	0.53852	0.53852	0	0.062544	0.88227
295.73	904.65	9.7852	9.7852	0	0.27452	0.27452	0	0.028055	0.94542
611.71	905.14	17.687	17.687	0	0.45732	0.45732	0	0.025856	0.94959
670.75	906.17	16.575	16.575	0	0.56364	0.56364	0	0.034005	0.93423
578.33	909.07	8.6102	8.6102	0	0.62035	0.62035	0	0.072049	0.86559
394.67	908.33	24.148	24.148	0	0.53569	0.53569	0	0.022183	0.9566
460.62	912.62	18.352	18.352	0	0.080327	0.080327	0	0.0043771	0.99128
522	915	15.7	15.7	0	0.47793	0.47793	0	0.030441	0.94092
442.5	915.5	17.719	17.719	0	1.5811	1.5811	0	0.089232	0.83616
600.97	919.19	13.844	13.844	0	0.18312	0.18312	0	0.013227	0.97389
538.95	918.86	9.4987	9.4987	0	0.44382	0.44382	0	0.046724	0.91072
288.28	920	14.719	14.719	0	0.3195	0.3195	0	0.021706	0.95751
347.58	924.17	20.861	20.861	0	0.45619	0.45619	0	0.021868	0.9572
535	927.5	9.4987	9.4987	0	1	1	0	0.10528	0.8095
567.5	927	14.092	14.092	0	13.938	13.938	0	0.98901	0.0055264
657.43	929.17	26.577	26.577	0	0.19046	0.19046	0	0.0071663	0.98577
297.27	931.65	12.37	12.37	0	0.85646	0.85646	0	0.069236	0.87049
519.5	930.5	14.089	14.089	0	0.17678	0.17678	0	0.012547	0.97522
469.7	932	12.567	12.567	0	0.35295	0.35295	0	0.028084	0.94537
372	933.21	25.781	25.781	0	0.29449	0.29449	0	0.011423	0.97741
322.3	934.93	19.442	19.442	0	0.4238	0.4238	0	0.021799	0.95733
602	933	8.6909	8.6909	0	0.72887	0.72887	0	0.083866	0.84525
481	937.5	12.567	12.567	0	0.37266	0.37266	0	0.029653	0.9424
560.39	939.17	7.0167	7.0167	0	0.2096	0.2096	0	0.029871	0.94199
608.62	938.62	8.6909	8.6909	0	0.79057	0.79057	0	0.090965	0.83324
553.5	940.5	7.0167	7.0167	0	7.0169	7.0169	0	1	-1.4241e-05
578.59	942.86	14.205	14.205	0	0.47596	0.47596	0	0.033507	0.93516
526	943	14.089	14.089	0	0.91958	0.91958	0	0.06527	0.87746
296.5	944	12.37	12.37	0	10.699	10.699	0	0.86492	0.072431
502.7	944.5	7.6003	7.6003	0	0.46381	0.46381	0	0.061024	0.88497
346.5	945	20.861	20.861	0	1.118	1.118	0	0.053593	0.89827
565.21	947.64	9.7535	9.7535	0	0.41647	0.41647	0	0.042699	0.9181
276	947.5	20.797	20.797	0	0.63738	0.63738	0	0.030648	0.94053
470.1	948.7	14.804	14.804	0	0.37254	0.37254	0	0.025164	0.95091
638.5	949	27.42	27.42	0	1.2184	1.2184	0	0.044436	0.91491
504.38	951.91	7.6003	7.6003	0	0.55499	0.55499	0	0.073022	0.86389
318.5	954	18.608	18.608	0	0.39528	0.39528	0	0.021243	0.9584
390.94	954.9	25.567	25.567	0	0.46755	0.46755	0	0.018287	0.96408
457.05	955.68	6.5045	6.5045	0	0.55482	0.55482	0	0.085298	0.84281
364	957.72	21.636	21.636	0	0.21222	0.21222	0	0.009809	0.98057
416.5	955.5	18.741	18.741	0	0.56003	0.56003	0	0.029883	0.94197
251	958.5	12.176	12.176	0	0	0	0	0	1
439.21	961.5	15.848	15.848	0	0.57241	0.57241	0	0.036119	0.93028
455.5	962	6.5045	6.5045	0	0.54733	0.54733	0	0.084146	0.84477
543.5	960.5	17.515	17.515	0	1.1785	1.1785	0	0.067285	0.87391
591	961.5	17.328	17.328	0	0.53852	0.53852	0	0.031078	0.93972
239.5	962.5	12.176	12.176	0	0.7143	0.7143	0	0.058666	0.88917
464.67	967.33	10.605	10.605	0	0.47136	0.47136	0	0.044445	0.91489
490.5	968	14.323	14.323	0	0.16391	0.16391	0	0.011444	0.97737
504.3	971.83	14.323	14.323	0	0.37326	0.37326	0	0.026061	0.9492
307.5	970.5	13.153	13.153	0	0.25	0.25	0	0.019007	0.96269
320.5	972.5	13.153	13.153	0	0.63246	0.63246	0	0.048085	0.90824
603	974	17.328	17.328	0	0.1929	0.1929	0	0.011132	0.97798
414.83	974.17	11.481	11.481	0	1.4731	1.4731	0	0.12831	0.77256
449.17	973.83	13.422	13.422	0	0.52703	0.52703	0	0.039267	0.92443
553	975.21	17.515	17.515	0	0.41283	0.41283	0	0.023571	0.95394
462.1	978.43	9.9628	9.9628	0	0.36631	0.36631	0	0.036768	0.92907
328.5	983.5	13.601	13.601	0	13	13	0	0.95578	0.02261
413	985.5	11.481	11.481	0	0.7857	0.7857	0	0.068437	0.87189
467.41	986.86	9.9628	9.9628	0	0.38914	0.38914	0	0.039059	0.92482
502.38	992.38	9.3958	9.3958	0	0.48243	0.48243	0	0.051345	0.90232
494.5	997.5	9.3958	9.3958	0	0.34355	0.34355	0	0.036564	0.92945
305.5	999	8.6023	8.6023	0	0.22361	0.22361	0	0.025994	0.94933
320.5	1000	15.033	15.033	0	0.67082	0.67082	0	0.044622	0.91457
440.5	1002.3	22.44	22.44	0	0.42661	0.42661	0	0.019011	0.96269
408	1002.5	17.72	17.72	0	0.57587	0.57587	0	0.032498	0.93705
298.5	1004	8.6023	8.6023	0	0.63738	0.63738	0	0.074094	0.86204
590	1007.5	35.934	35.934	0	0.39528	0.39528	0	0.011	0.97824
422	1015	18.768	18.768	0	1.0464	1.0464	0	0.055754	0.89438
474.4	1017.3	28.214	28.214	0	0.65252	0.65252	0	0.023127	0.95479
